quarter,actual,last_quarter,train_mean,ols,ridge_0.1,ridge_1,ridge_10,complex_ols
112,0.0117,0.0159,0.0178375,0.0147495921676,0.0147033896349,0.0143415322178,0.0129431032694,0.0161843956097
113,0.0047,0.0117,0.0178375,0.00548451806393,0.00549356212011,0.00556937312779,0.00606873487693,0.00466767831749
114,0.0051,0.0047,0.0178375,0.0035094908989,0.00351999144873,0.00360789290593,0.00417238127863,0.00358363738248
115,0.0079,0.0051,0.0178375,0.00555115588646,0.00554846035382,0.00553032237745,0.00560806525512,0.00828942185117
116,0.0136,0.0079,0.0178375,0.0106268778017,0.0106234526138,0.0105973221071,0.0105414285721,0.0074909000253
117,0.0168,0.0136,0.0178375,0.0200361293776,0.0200217562108,0.0199015792877,0.0191259011961,0.0194368694815
118,0.0286,0.0168,0.0178375,0.0197202071282,0.0197355531407,0.0198529046777,0.0201055980893,0.0254409931565
119,0.0506,0.0286,0.0178375,0.0437486675385,0.0436621556057,0.0429488054937,0.0387218598552,0.0589455746676
120,0.0371,0.0506,0.0178375,0.0315401124196,0.0315029587124,0.0311926047583,0.0291978557648,0.0454984800463
121,0.0256,0.0371,0.0178375,0.0213315170084,0.0213234382301,0.0212563443127,0.0208298434145,0.0303401515042
122,0.0184,0.0256,0.0178375,0.0212835637438,0.0212599277414,0.0210704361313,0.0201735758379,0.035797330169
123,0.0151,0.0184,0.0178375,0.0179255699813,0.0179261213181,0.0179296115911,0.0178967085967,0.0215426475518
124,0.0238,0.0151,0.0178375,0.0144604119268,0.0144773353836,0.0146132074148,0.0152187800631,0.0118121053308
125,0.04,0.0238,0.0178375,0.0191802895643,0.0191707678522,0.0190899373905,0.0185182238269,0.0180470363709
126,0.028,0.04,0.0178375,0.0155092169618,0.0154804992743,0.0152508908204,0.0142037367568,0.01782304712
127,0.0166,0.028,0.0178375,0.0088405007945,0.00882581557423,0.00871194797229,0.00835075208724,0.00843661499253
128,0.0207,0.0166,0.0178375,0.0113608185129,0.0113324393329,0.0111102061383,0.0102744854445,0.011710182471
129,0.0203,0.0207,0.0178375,0.0125174100683,0.0124902850198,0.0122761664299,0.0114097656943,0.0133071703352
130,0.0254,0.0203,0.0178375,0.0113717606965,0.0113717918649,0.0113725655881,0.0114061091134,0.0129227921278
131,0.039,0.0254,0.0178375,0.0227464468135,0.0227009990774,0.022334395789,0.0205060553794,0.0217653674055
132,0.0505,0.039,0.0178375,0.0270194230311,0.0269334354461,0.0262476002985,0.0230914634084,0.0449504403732
133,0.0426,0.0505,0.0178375,0.024923787645,0.0248800059144,0.024525979461,0.0227311494888,0.0323621325336
134,0.0431,0.0426,0.0178375,0.0242560399309,0.0242081463504,0.0238230162494,0.0219543708415,0.0212229398878
135,0.0352,0.0431,0.0178375,0.0218081061979,0.0217710023711,0.0214712827966,0.0199738270194,0.0282158557825
136,0.0399,0.0352,0.0178375,0.0204550775843,0.0204499331424,0.0204029851188,0.0199347435317,0.0192865405102
137,0.0547,0.0399,0.0178375,0.031269990063,0.0312006065876,0.0306366350616,0.0276413279224,0.0341888539809
138,0.0662,0.0547,0.0178375,0.0360646764901,0.0359442993845,0.0349756216502,0.0301779167147,0.0407710906109
139,0.0526,0.0662,0.0178375,0.0281208563823,0.0280786074257,0.0277269810896,0.025549414546,0.037386653002
140,0.0389,0.0526,0.0178375,0.0254884303782,0.0254395768628,0.0250408681626,0.0228761210502,0.0391587100979
141,0.0492,0.0389,0.0178375,0.0239034802158,0.0238230752126,0.0231832818755,0.0202953721769,0.0286608232754
142,0.0239,0.0492,0.0178375,0.0172042905974,0.0171671385228,0.0168726852664,0.01562165178,0.0193619803683
143,0.0345,0.0239,0.0178375,0.0160180229374,0.015985475044,0.0157298290713,0.0147374590354,0.0164827897788
144,0.0401,0.0345,0.0178375,0.0271671615916,0.0271199223539,0.0267339956119,0.0246167053871,0.0296402313942
145,0.0264,0.0401,0.0178375,0.0143571958612,0.014348469908,0.0142788077165,0.013977158257,0.0146308736625
146,0.0229,0.0264,0.0178375,0.0153962975947,0.0153704393416,0.0151649173281,0.0142785911425,0.0143684348181
147,0.0265,0.0229,0.0178375,0.0175596094586,0.0175402642451,0.0173826828243,0.0165471950613,0.0177907861713
