case,kind,greek,relative_bump,analytic,bump,price_plus,price_base,price_minus,estimate,absolute_error,relative_error
near_money,call,delta,0.02,0.531755553601,0.024,0.144624098228,0.131548389429,0.11910562818,0.531634792676,0.000120760924612,0.000227098567743
near_money,call,delta,0.01,0.531755553601,0.012,0.138008228394,0.131548389429,0.125246820239,0.531725339825,3.02137757995e-05,5.68189191347e-05
near_money,call,delta,0.005,0.531755553601,0.006,0.134758662171,0.131548389429,0.128377686187,0.531747998685,7.55491605953e-06,1.42074981791e-05
near_money,call,delta,0.001,0.531755553601,0.0012,0.132187287134,0.131548389429,0.130911074531,0.531755251385,3.02215536041e-07,5.6833545789e-07
near_money,call,delta,0.0001,0.531755553601,0.00012,0.13161220801,0.131548389429,0.131484586677,0.531755550578,3.02259717255e-09,5.68418543462e-09
near_money,call,delta,1e-05,0.531755553601,1.2e-05,0.131554770575,0.131548389429,0.131542008442,0.531755553567,3.37841976616e-11,6.35333235974e-11
near_money,call,delta,1e-06,0.531755553601,1.2e-06,0.131549027537,0.131548389429,0.131547751324,0.531755553618,1.71009872929e-11,3.21594897827e-11
near_money,call,delta,1e-07,0.531755553601,1.2e-07,0.13154845324,0.131548389429,0.131548325619,0.531755553016,5.84269743698e-10,1.09875626073e-09
near_money,call,delta,1e-08,0.531755553601,1.2e-08,0.131548395811,0.131548389429,0.131548383048,0.53175556088,7.27980997706e-09,1.36901437658e-08
near_money,call,gamma,0.02,1.09917176658,0.024,0.144624098228,0.131548389429,0.11910562818,1.09886727162,0.000304494961338,0.000277022182152
near_money,call,gamma,0.01,1.09917176658,0.012,0.138008228394,0.131548389429,0.125246820239,1.09909565151,7.61150752515e-05,6.9247662254e-05
near_money,call,gamma,0.005,1.09917176658,0.006,0.134758662171,0.131548389429,0.128377686187,1.09915273836,1.90282257293e-05,1.73114214792e-05
near_money,call,gamma,0.001,1.09917176658,0.0012,0.132187287134,0.131548389429,0.130911074531,1.09917100553,7.61057087129e-07,6.92391408028e-07
near_money,call,gamma,0.0001,1.09917176658,0.00012,0.13161220801,0.131548389429,0.131484586677,1.09917177983,1.32463735536e-08,1.2051231624e-08
near_money,call,gamma,1e-05,1.09917176658,1.2e-05,0.131554770575,0.131548389429,0.131542008442,1.09917399257,2.22598254052e-06,2.02514530321e-06
near_money,call,gamma,1e-06,1.09917176658,1.2e-06,0.131549027537,0.131548389429,0.131547751324,1.0991978932,2.61266170984e-05,2.37693669841e-05
near_money,call,gamma,1e-07,1.09917176658,1.2e-07,0.13154845324,0.131548389429,0.131548325619,1.11793290674,0.0187611401576,0.0170684334587
near_money,call,gamma,1e-08,1.09917176658,1.2e-08,0.131548395811,0.131548389429,0.131548383048,2.31296463464,1.21379286805,1.1042795175
near_money,call,vega,0.02,0.569810643797,0.0048,0.134282922225,0.131548389429,0.128812749256,0.569809684301,9.59496087916e-07,1.68388586342e-06
near_money,call,vega,0.01,0.569810643797,0.0024,0.132915795974,0.131548389429,0.130180706035,0.569810403934,2.39862499085e-07,4.20951243534e-07
near_money,call,vega,0.005,0.569810643797,0.0012,0.132232127524,0.131548389429,0.130864582122,0.569810583832,5.99649438993e-08,1.05236615974e-07
near_money,call,vega,0.001,0.569810643797,0.00024,0.131685142599,0.131548389429,0.131411633491,0.569810641398,2.39858488627e-09,4.20944205304e-09
near_money,call,vega,0.0001,0.569810643797,2.4e-05,0.131562064871,0.131548389429,0.13153471396,0.569810643771,2.57144305849e-11,4.51280278191e-11
near_money,call,vega,1e-05,0.569810643797,2.4e-06,0.131549756975,0.131548389429,0.131547021884,0.569810643785,1.18367537993e-11,2.07731356517e-11
near_money,call,vega,1e-06,0.569810643797,2.4e-07,0.131548526184,0.131548389429,0.131548252675,0.569810643577,2.20003459894e-10,3.86099245933e-10
near_money,call,vega,1e-07,0.569810643797,2.4e-08,0.131548403105,0.131548389429,0.131548375754,0.56981064774,3.94333288245e-09,6.9204268565e-09
near_money,call,vega,1e-08,0.569810643797,2.4e-09,0.131548390797,0.131548389429,0.131548388062,0.569810656992,1.3195191384e-08,2.31571514636e-08
near_money,call,rho_domestic,0.02,0.759837412337,0.02,0.147221391086,0.131548389429,0.116842904237,0.759462171221,0.00037524111606,0.000493843959205
near_money,call,rho_domestic,0.01,0.759837412337,0.01,0.139266868127,0.131548389429,0.124071997486,0.759743532019,9.38803176368e-05,0.000123553165602
near_money,call,rho_domestic,0.005,0.759837412337,0.005,0.135377726458,0.131548389429,0.12777958708,0.759813937876,2.34744610476e-05,3.08940579477e-05
near_money,call,rho_domestic,0.001,0.759837412337,0.001,0.13230943668,0.131548389429,0.130789763733,0.759836473302,9.39034583758e-07,1.23583620458e-06
near_money,call,rho_domestic,0.0001,0.759837412337,0.0001,0.131624385278,0.131548389429,0.131472417797,0.759837402947,9.39027777758e-09,1.2358272474e-08
near_money,call,rho_domestic,1e-05,0.759837412337,1e-05,0.131555987925,0.131548389429,0.131540791176,0.759837412245,9.1604945851e-11,1.2055861473e-10
near_money,call,rho_domestic,1e-06,0.759837412337,1e-06,0.131549149268,0.131548389429,0.131547629593,0.759837412323,1.3889223105e-11,1.82792040501e-11
near_money,call,rho_domestic,1e-07,0.759837412337,1e-07,0.131548465413,0.131548389429,0.131548313446,0.759837412434,9.71330793575e-11,1.27834031045e-10
near_money,call,rho_domestic,1e-08,0.759837412337,1e-08,0.131548397028,0.131548389429,0.131548381831,0.759837420761,8.42380576405e-09,1.10863266631e-08
near_money,call,rho_foreign,0.02,-0.957159996481,0.02,0.113389674543,0.131548389429,0.151704949939,-0.957881884892,0.00072188841107,0.000754198267504
near_money,call,rho_foreign,0.01,-0.957159996481,0.01,0.122224806094,0.131548389429,0.141371617304,-0.957340560468,0.000180563986714,0.00018864556331
near_money,call,rho_foreign,0.005,-0.957159996481,0.005,0.12682482501,0.131548389429,0.136396876442,-0.957205143226,4.51467453487e-05,4.71673967933e-05
near_money,call,rho_foreign,0.001,-0.957159996481,0.001,0.130593726152,0.131548389429,0.132508049757,-0.957161802425,1.80594342358e-06,1.88677277594e-06
near_money,call,rho_foreign,0.0001,-0.957159996481,0.0001,0.131452698413,0.131548389429,0.131644130416,-0.95716001454,1.80591385179e-08,1.8867418806e-08
near_money,call,rho_foreign,1e-05,-0.957159996481,1e-05,0.131538818079,0.131548389429,0.131557961279,-0.957159996662,1.80661929861e-10,1.88747890138e-10
near_money,call,rho_foreign,1e-06,-0.957159996481,1e-06,0.131547432272,0.131548389429,0.131549346592,-0.95715999654,5.85375081741e-11,6.11574954964e-11
near_money,call,rho_foreign,1e-07,-0.957159996481,1e-07,0.131548293714,0.131548389429,0.131548485146,-0.957159996817,3.3609326433e-10,3.51135928754e-10
near_money,call,rho_foreign,1e-08,-0.957159996481,1e-08,0.131548379858,0.131548389429,0.131548399001,-0.957160001258,4.77698536283e-09,4.99079086087e-09
near_money,put,delta,0.02,-0.445995683593,0.024,0.133924485223,0.144314806117,0.15533807456,-0.446116444517,0.00012076092461,0.00027076702545
near_money,put,delta,0.01,-0.445995683593,0.012,0.139041630236,0.144314806117,0.149746251773,-0.446025897369,3.02137757942e-05,6.77445475498e-05
near_money,put,delta,0.005,-0.445995683593,0.006,0.141658571435,0.144314806117,0.147010610298,-0.446003238509,7.55491607041e-06,1.69394376411e-05
near_money,put,delta,0.001,-0.445995683593,0.0012,0.143780402337,0.144314806117,0.144850792703,-0.445995985808,3.02215454495e-07,6.77619684703e-07
near_money,put,delta,0.0001,-0.445995683593,0.00012,0.144261294549,0.144314806117,0.144368333514,-0.445995686614,3.02177532996e-09,6.77534658097e-09
near_money,put,delta,1e-05,-0.445995683593,1.2e-05,0.144309454248,0.144314806117,0.144320158145,-0.445995683611,1.86220483478e-11,4.17538757276e-11
near_money,put,delta,1e-06,-0.445995683593,1.2e-06,0.144314270923,0.144314806117,0.144315341313,-0.445995683579,1.37594380334e-11,3.08510565003e-11
near_money,put,delta,1e-07,-0.445995683593,1.2e-07,0.144314752598,0.144314806117,0.144314859637,-0.445995684828,1.23524152018e-09,2.7696266256e-09
near_money,put,delta,1e-08,-0.445995683593,1.2e-08,0.144314800765,0.144314806117,0.144314811469,-0.445995689454,5.86117071544e-09,1.3141765562e-08
near_money,put,gamma,0.02,1.09917176658,0.024,0.133924485223,0.144314806117,0.15533807456,1.09886727162,0.000304494961627,0.000277022182415
near_money,put,gamma,0.01,1.09917176658,0.012,0.139041630236,0.144314806117,0.149746251773,1.09909565151,7.611507795e-05,6.92476647091e-05
near_money,put,gamma,0.005,1.09917176658,0.006,0.141658571435,0.144314806117,0.147010610298,1.09915273835,1.90282318973e-05,1.73114270906e-05
near_money,put,gamma,0.001,1.09917176658,0.0012,0.143780402337,0.144314806117,0.144850792703,1.09917100553,7.61057087129e-07,6.92391408028e-07
near_money,put,gamma,0.0001,1.09917176658,0.00012,0.144261294549,0.144314806117,0.144368333514,1.0991717567,9.88327286677e-09,8.99156361839e-09
near_money,put,gamma,1e-05,1.09917176658,1.2e-05,0.144309454248,0.144314806117,0.144320158145,1.09917245059,6.84006117302e-07,6.2229229143e-07
near_money,put,gamma,1e-06,1.09917176658,1.2e-06,0.144314270923,0.144314806117,0.144315341313,1.09904369556,0.000128071025211,0.000116515934183
near_money,put,gamma,1e-07,1.09917176658,1.2e-07,0.144314752598,0.144314806117,0.144314859637,1.09480326039,0.00436850618871,0.00397436171627
near_money,put,gamma,1e-08,1.09917176658,1.2e-08,0.144314800765,0.144314806117,0.144314811469,2.31296463464,1.21379286805,1.1042795175
near_money,put,vega,0.02,0.569810643797,0.0048,0.147049338913,0.144314806117,0.141579165943,0.5698096843,9.59496111119e-07,1.68388590414e-06
near_money,put,vega,0.01,0.569810643797,0.0024,0.145682212661,0.144314806117,0.142947122722,0.569810403934,2.39862545381e-07,4.20951324783e-07
near_money,put,vega,0.005,0.569810643797,0.0012,0.144998544211,0.144314806117,0.14363099881,0.569810583832,5.99649438993e-08,1.05236615974e-07
near_money,put,vega,0.001,0.569810643797,0.00024,0.144451559287,0.144314806117,0.144178050179,0.569810641398,2.39858488627e-09,4.20944205304e-09
near_money,put,vega,0.0001,0.569810643797,2.4e-05,0.144328481559,0.144314806117,0.144301130648,0.569810643771,2.57144305849e-11,4.51280278191e-11
near_money,put,vega,1e-05,0.569810643797,2.4e-06,0.144316173663,0.144314806117,0.144313438572,0.569810643785,1.18367537993e-11,2.07731356517e-11
near_money,put,vega,1e-06,0.569810643797,2.4e-07,0.144314942872,0.144314806117,0.144314669363,0.569810644039,2.4258950404e-10,4.25737052618e-10
near_money,put,vega,1e-07,0.569810643797,2.4e-08,0.144314819793,0.144314806117,0.144314792442,0.56981064774,3.94333288245e-09,6.9204268565e-09
near_money,put,vega,1e-08,0.569810643797,2.4e-09,0.144314807485,0.144314806117,0.14431480475,0.569810633862,9.93445492536e-09,1.74346601516e-08
near_money,put,rho_domestic,0.02,-1.01926443964,0.02,0.124934203775,0.144314806117,0.165730466096,-1.01990655805,0.000642118403056,0.000629982149952
near_money,put,rho_domestic,0.01,-1.01926443964,0.01,0.134375034265,0.144314806117,0.154763535005,-1.01942503703,0.000160597387659,0.000157562043188
near_money,put,rho_domestic,0.005,-1.01926443964,0.005,0.139281908807,0.144314806117,0.149474954739,-1.01930459323,4.01535878198e-05,3.93946715476e-05
near_money,put,rho_domestic,0.001,-1.01926443964,0.001,0.143298085175,0.144314806117,0.145336617266,-1.01926604584,1.60619782874e-06,1.57584015126e-06
near_money,put,rho_domestic,0.0001,-1.01926443964,0.0001,0.144212905123,0.144314806117,0.144416758014,-1.01926445571,1.60633601975e-08,1.57597573042e-08
near_money,put,rho_domestic,1e-05,-1.01926443964,1e-05,0.144304613727,0.144314806117,0.144324999016,-1.0192644398,1.57194923744e-10,1.54223886982e-10
near_money,put,rho_domestic,1e-06,-1.01926443964,1e-06,0.144313786855,0.144314806117,0.144315825384,-1.01926443963,1.48896450725e-11,1.46082257885e-11
near_money,put,rho_domestic,1e-07,-1.01926443964,1e-07,0.144314704191,0.144314806117,0.144314908044,-1.01926443952,1.25911947535e-10,1.23532169511e-10
near_money,put,rho_domestic,1e-08,-1.01926443964,1e-08,0.144314795925,0.144314806117,0.14431481631,-1.01926443397,5.67702707066e-09,5.56972935566e-09
near_money,put,rho_foreign,0.02,0.802792230467,0.02,0.160832390596,0.144314806117,0.128739016725,0.80233434677,0.000457883697098,0.000570363887093
near_money,put,rho_foreign,0.01,0.802792230467,0.01,0.152459406149,0.144314806117,0.13640585284,0.802677665431,0.000114565035728,0.000142708201924
near_money,put,rho_foreign,0.005,0.802792230467,0.005,0.148358086071,0.144314806117,0.140330450238,0.80276358332,2.86471468192e-05,3.56843847411e-05
near_money,put,rho_foreign,0.001,0.802792230467,0.001,0.145118775763,0.144314806117,0.143513193594,0.802791084506,1.14596122369e-06,1.4274692507e-06
near_money,put,rho_foreign,0.0001,0.802792230467,0.0001,0.144395097125,0.144314806117,0.144234538681,0.802792219008,1.14583986743e-08,1.427318083e-08
near_money,put,rho_foreign,1e-05,0.802792230467,1e-05,0.144322834157,0.144314806117,0.144306778313,0.802792230348,1.19135923349e-10,1.48401938668e-10
near_money,put,rho_foreign,1e-06,0.802792230467,1e-06,0.144315608911,0.144314806117,0.144314003326,0.802792230414,5.2522430849e-11,6.54246875539e-11
near_money,put,rho_foreign,1e-07,0.802792230467,1e-07,0.144314886396,0.144314806117,0.144314725838,0.802792229915,5.5212279193e-10,6.87753033695e-10
near_money,put,rho_foreign,1e-08,0.802792230467,1e-08,0.144314814145,0.144314806117,0.144314798089,0.802792221588,8.87879547662e-09,1.1059892136e-08
in_money,call,delta,0.02,0.930200050256,0.028,0.315674439972,0.289428009884,0.263614623196,0.929639585292,0.00056046496419,0.000602520892184
in_money,call,delta,0.01,0.930200050256,0.014,0.302502860664,0.289428009884,0.276461181424,0.93005997288,0.000140077375496,0.000150588441118
in_money,call,delta,0.005,0.930200050256,0.007,0.295952660443,0.289428009884,0.282930349976,0.930165033363,3.50168931899e-05,3.7644475702e-05
in_money,call,delta,0.001,0.930200050256,0.0014,0.290730827711,0.289428009884,0.288126271492,0.930198649612,1.40064429421e-06,1.50574523601e-06
in_money,call,delta,0.0001,0.930200050256,0.00014,0.289558243286,0.289428009884,0.289297787276,0.93020003625,1.40059503995e-08,1.50569228583e-08
in_money,call,delta,1e-05,0.930200050256,1.4e-05,0.289441032739,0.289428009884,0.289414987137,0.930200050114,1.42436951123e-10,1.53125073562e-10
in_money,call,delta,1e-06,0.930200050256,1.4e-06,0.289429312165,0.289428009884,0.289426707605,0.930200050161,9.48559009117e-11,1.01973657049e-10
in_money,call,delta,1e-07,0.930200050256,1.4e-07,0.289428140112,0.289428009884,0.289427879656,0.930200051113,8.56763882062e-10,9.21053360324e-10
in_money,call,delta,1e-08,0.930200050256,1.4e-08,0.289428022907,0.289428009884,0.289427996861,0.930200051906,1.64978031236e-09,1.77357581513e-09
in_money,call,gamma,0.02,0.550728038734,0.028,0.315674439972,0.289428009884,0.263614623196,0.552351275865,0.00162323713031,0.00294743869231
in_money,call,gamma,0.01,0.550728038734,0.014,0.302502860664,0.289428009884,0.276461181424,0.551134285698,0.00040624696336,0.000737654404329
in_money,call,gamma,0.005,0.550728038734,0.007,0.295952660443,0.289428009884,0.282930349976,0.55082962781,0.000101589076007,0.000184463235684
in_money,call,gamma,0.001,0.550728038734,0.0014,0.290730827711,0.289428009884,0.288126271492,0.550732102666,4.06393158381e-06,7.3791986207e-06
in_money,call,gamma,0.0001,0.550728038734,0.00014,0.289558243286,0.289428009884,0.289297787276,0.55072807992,4.11857286053e-08,7.47841506309e-08
in_money,call,gamma,1e-05,0.550728038734,1.4e-05,0.289441032739,0.289428009884,0.289414987137,0.550729530007,1.49127294435e-06,2.70782099234e-06
in_money,call,gamma,1e-06,0.550728038734,1.4e-06,0.289429312165,0.289428009884,0.289426707605,0.551033142018,0.00030510328376,0.000553999909759
in_money,call,gamma,1e-07,0.550728038734,1.4e-07,0.289428140112,0.289428009884,0.289427879656,0.555111512313,0.0043834735783,0.00795941602751
in_money,call,gamma,1e-08,0.550728038734,1.4e-08,0.289428022907,0.289428009884,0.289427996861,3.39864191212,2.84791387338,5.17118009813
in_money,call,vega,0.02,0.145722639049,0.0036,0.28996377655,0.289428009884,0.288914703812,0.145704546978,1.80920712566e-05,0.000124154155968
in_money,call,vega,0.01,0.145722639049,0.0018,0.289693110255,0.289428009884,0.289168525045,0.145718113837,4.52521189226e-06,3.10535955277e-05
in_money,call,vega,0.005,0.145722639049,0.0009,0.289559861194,0.289428009884,0.289297562481,0.145721507609,1.13144008548e-06,7.76433979556e-06
in_money,call,vega,0.001,0.145722639049,0.00018,0.289454268029,0.289428009884,0.289401807895,0.145722593791,4.52585703636e-08,3.10580227334e-07
in_money,call,vega,0.0001,0.145722639049,1.8e-05,0.289430633172,0.289428009884,0.289425387157,0.145722638592,4.57370585849e-10,3.13863781794e-09
in_money,call,vega,1e-05,0.145722639049,1.8e-06,0.289428272188,0.289428009884,0.289427747586,0.145722639079,2.98939484278e-11,2.05142787853e-10
in_money,call,vega,1e-06,0.145722639049,1.8e-07,0.289428036114,0.289428009884,0.289427983654,0.145722639511,4.61647359229e-10,3.16798654102e-09
in_money,call,vega,1e-07,0.145722639049,1.8e-08,0.289428012507,0.289428009884,0.289428007261,0.14572263766,1.38872432998e-09,9.52991476848e-09
in_money,call,vega,1e-08,0.145722639049,1.8e-09,0.289428010146,0.289428009884,0.289428009622,0.145722693172,5.41224268735e-08,3.71407128135e-07
in_money,call,rho_domestic,0.02,0.759639045356,0.02,0.304622385386,0.289428009884,0.274248917656,0.759336693273,0.000302352083013,0.000398020724266
in_money,call,rho_domestic,0.01,0.759639045356,0.01,0.297025526263,0.289428009884,0.281834257354,0.759563445451,7.5599905212e-05,9.95208259425e-05
in_money,call,rho_domestic,0.005,0.759639045356,0.005,0.293226579306,0.289428009884,0.28563037786,0.759620144638,1.89007178113e-05,2.48811826181e-05
in_money,call,rho_domestic,0.001,0.759639045356,0.001,0.290187666898,0.289428009884,0.28866839032,0.759638289318,7.56038185834e-07,9.95259775621e-07
in_money,call,rho_domestic,0.0001,0.759639045356,0.0001,0.289503973975,0.289428009884,0.289352046168,0.759639037795,7.56068363472e-09,9.95299501908e-09
in_money,call,rho_domestic,1e-05,0.759639045356,1e-05,0.289435606276,0.289428009884,0.289420413495,0.759639045289,6.66783295244e-11,8.77763326307e-11
in_money,call,rho_domestic,1e-06,0.759639045356,1e-06,0.289428769523,0.289428009884,0.289427250245,0.759639045333,2.22692975171e-11,2.93156304343e-11
in_money,call,rho_domestic,1e-07,0.759639045356,1e-07,0.289428085848,0.289428009884,0.28942793392,0.75963904389,1.46555922953e-09,1.9292837019e-09
in_money,call,rho_domestic,1e-08,0.759639045356,1e-08,0.28942801748,0.289428009884,0.289428002288,0.759639029457,1.58984585497e-08,2.09289644165e-08
in_money,call,rho_foreign,0.02,-0.976710052769,0.02,0.270165883206,0.289428009884,0.30922616318,-0.976506999362,0.000203053406295,0.00020789527631
in_money,call,rho_foreign,0.01,-0.976710052769,0.01,0.279728407233,0.289428009884,0.299261592477,-0.976659262188,5.07905803199e-05,5.20016971013e-05
in_money,call,rho_foreign,0.005,-0.976710052769,0.005,0.284561269773,0.289428009884,0.294328243308,-0.976697353422,1.26993468746e-05,1.30021666498e-05
in_money,call,rho_foreign,0.001,-0.976710052769,0.001,0.288451970195,0.289428009884,0.290405389284,-0.976709544773,5.07995657206e-07,5.20108967617e-07
in_money,call,rho_foreign,0.0001,-0.976710052769,0.0001,0.289330345578,0.289428009884,0.289525687587,-0.976710047688,5.08116937414e-09,5.20233139788e-09
in_money,call,rho_foreign,1e-05,-0.976710052769,1e-05,0.28941824285,0.289428009884,0.289437777052,-0.976710052714,5.51898526879e-11,5.65058714523e-11
in_money,call,rho_foreign,1e-06,-0.976710052769,1e-06,0.289427033175,0.289428009884,0.289428986595,-0.976710052836,6.69347910431e-11,6.85308714223e-11
in_money,call,rho_foreign,1e-07,-0.976710052769,1e-07,0.289427912213,0.289428009884,0.289428107555,-0.976710051726,1.04328823358e-09,1.06816575771e-09
in_money,call,rho_foreign,1e-08,-0.976710052769,1e-08,0.289428000117,0.289428009884,0.289428019651,-0.976710057277,4.50782688954e-09,4.61531738796e-09
in_money,put,delta,0.02,-0.0608403285169,0.028,0.00460152313671,0.00610422365404,0.00803996757165,-0.0614007934811,0.000560464964188,0.00921206341009
in_money,put,delta,0.01,-0.0608403285169,0.014,0.00530450913155,0.00610422365404,0.00701196049653,-0.0609804058924,0.000140077375499,0.00230237704026
in_money,put,delta,0.005,-0.0608403285169,0.007,0.00569159156205,0.00610422365404,0.00654384639779,-0.0608753454101,3.50168931642e-05,0.000575553979043
in_money,put,delta,0.001,-0.0608403285169,0.0014,0.00601958495068,0.00610422365404,0.00618994179233,-0.0608417291612,1.40064428839e-06,2.30216424292e-05
in_money,put,delta,0.0001,-0.0608403285169,0.00014,0.00609571140322,0.00610422365404,0.00611274669913,-0.0608403425231,1.40061973339e-08,2.30212388317e-07
in_money,put,delta,1e-05,-0.0608403285169,1.4e-05,0.00610337194341,0.00610422365404,0.00610507547261,-0.060840328657,1.40106516666e-10,2.30285601807e-09
in_money,put,delta,1e-06,-0.0608403285169,1.4e-06,0.00610413847812,0.00610422365404,0.00610430883104,-0.0608403285341,1.71889724676e-11,2.82525964054e-10
in_money,put,delta,1e-07,-0.0608403285169,1.4e-07,0.0061042151364,0.00610422365404,0.00610423217169,-0.0608403284102,1.06719848236e-10,1.75409717268e-09
in_money,put,delta,1e-08,-0.0608403285169,1.4e-08,0.00610422280228,0.00610422365404,0.00610422450581,-0.0608403288067,2.89788373853e-10,4.76309679643e-09
in_money,put,gamma,0.02,0.550728038734,0.028,0.00460152313671,0.00610422365404,0.00803996757165,0.552351275864,0.00162323712986,0.00294743869151
in_money,put,gamma,0.01,0.550728038734,0.014,0.00530450913155,0.00610422365404,0.00701196049653,0.551134285696,0.000406246961236,0.000737654400472
in_money,put,gamma,0.005,0.550728038734,0.007,0.00569159156205,0.00610422365404,0.00654384639779,0.5508296278,0.000101589066094,0.000184463217684
in_money,put,gamma,0.001,0.550728038734,0.0014,0.00601958495068,0.00610422365404,0.00618994179233,0.550732102588,4.06385369822e-06,7.37905719774e-06
in_money,put,gamma,0.0001,0.550728038734,0.00014,0.00609571140322,0.00610422365404,0.00611274669913,0.550728078504,3.97696278132e-08,7.22128255982e-08
in_money,put,gamma,1e-05,0.550728038734,1.4e-05,0.00610337194341,0.00610422365404,0.00610507547261,0.550727972296,6.64379320447e-08,1.20636552658e-07
in_money,put,gamma,1e-06,0.550728038734,1.4e-06,0.00610413847812,0.00610422365404,0.00610430883104,0.550672036315,5.60024194022e-05,0.000101687975667
in_money,put,gamma,1e-07,0.550728038734,1.4e-07,0.0061042151364,0.00610422365404,0.00610423217169,0.546614907532,0.00411313120199,0.00746853421781
in_money,put,gamma,1e-08,0.550728038734,1.4e-08,0.00610422280228,0.00610422365404,0.00610422450581,0.283220159343,0.267507879391,0.485734991823
in_money,put,vega,0.02,0.145722639049,0.0036,0.00663999032042,0.00610422365404,0.00559091758218,0.145704546978,1.80920712373e-05,0.000124154155836
in_money,put,vega,0.01,0.145722639049,0.0018,0.00636932402463,0.00610422365404,0.00584473881482,0.145718113837,4.52521194239e-06,3.10535958717e-05
in_money,put,vega,0.005,0.145722639049,0.0009,0.00623607496426,0.00610422365404,0.00597377625057,0.145721507609,1.1314401086e-06,7.76433995422e-06
in_money,put,vega,0.001,0.145722639049,0.00018,0.00613048179921,0.00610422365404,0.00607802166545,0.14572259379,4.52593799105e-08,3.1058578273e-07
in_money,put,vega,0.0001,0.145722639049,1.8e-05,0.00610684694232,0.00610422365404,0.00610160092733,0.145722638595,4.54286636087e-10,3.11747467004e-09
in_money,put,vega,1e-05,0.145722639049,1.8e-06,0.0061044859576,0.00610422365404,0.0061039613561,0.145722639037,1.25104093751e-11,8.58508290596e-11
in_money,put,vega,1e-06,0.145722639049,1.8e-07,0.00610424988415,0.00610422365404,0.006104197424,0.145722639164,1.14702664034e-10,7.87130021677e-10
in_money,put,vega,1e-07,0.145722639049,1.8e-08,0.00610422627705,0.00610422365404,0.00610422103104,0.145722639202,1.53252077695e-10,1.0516696561e-09
in_money,put,vega,1e-08,0.145722639049,1.8e-09,0.00610422391634,0.00610422365404,0.00610422339174,0.145722646912,7.86313419932e-09,5.39595923504e-08
in_money,put,rho_domestic,0.02,-0.0684605126833,0.02,0.00486020417675,0.00610422365404,0.00761196093072,-0.0687939188491,0.000333406165796,0.00487005067196
in_money,put,rho_domestic,0.01,-0.0684605126833,0.01,0.00545172069686,0.00610422365404,0.00682259821774,-0.0685438760437,8.33633603973e-05,0.0012176853069
in_money,put,rho_domestic,0.005,-0.0684605126833,0.005,0.00577004902413,0.00610422365404,0.00645486256674,-0.0684813542608,2.08415775242e-05,0.000304432098261
in_money,put,rho_domestic,0.001,-0.0684605126833,0.001,0.00603609157018,0.00610422365404,0.00617301426289,-0.0684613463558,8.33672530273e-07,1.21774216639e-05
in_money,put,rho_domestic,0.0001,-0.0684605126833,0.0001,0.00609738089456,0.00610422365404,0.00611107299876,-0.0684605210204,8.33709139225e-09,1.21779564094e-07
in_money,put,rho_domestic,1e-05,-0.0684605126833,1e-05,0.00610353908184,0.00610422365404,0.0061049082921,-0.0684605127657,8.24444262859e-11,1.20426247269e-09
in_money,put,rho_domestic,1e-06,-0.0684605126833,1e-06,0.00610415519386,0.00610422365404,0.00610429211488,-0.0684605126824,8.22300560976e-13,1.20113117584e-11
in_money,put,rho_domestic,1e-07,-0.0684605126833,1e-07,0.00610421680799,0.00610422365404,0.0061042305001,-0.0684605130918,4.0857243977e-10,5.9680014618e-09
in_money,put,rho_domestic,1e-08,-0.0684605126833,1e-08,0.00610422296944,0.00610422365404,0.00610422433865,-0.0684605094836,3.19965239026e-09,4.67371958645e-08
in_money,put,rho_foreign,0.02,0.0638823449427,0.02,0.00749863359664,0.00610422365404,0.00493365675652,0.064124421003,0.000242076060216,0.00378940473198
in_money,put,rho_foreign,0.01,0.0638823449427,0.01,0.00677162013786,0.00610422365404,0.00549276231578,0.0639428911042,6.05461614799e-05,0.000947776127101
in_money,put,rho_foreign,0.005,0.0638823449427,0.005,0.00643070216119,0.00610422365404,0.00579172732939,0.0638974831797,1.51382370074e-05,0.000236970590559
in_money,put,rho_foreign,0.001,0.0638823449427,0.001,0.00616838623792,0.00610422365404,0.00604062033693,0.0638829504939,6.05551185945e-07,9.47916339777e-06
in_money,put,rho_foreign,0.0001,0.0638823449427,0.0001,0.00611061468547,0.00610422365404,0.00609783821527,0.0638823509985,6.05578817647e-09,9.47959593829e-08
in_money,put,rho_foreign,1e-05,0.0638823449427,1e-05,0.00610486250546,0.00610422365404,0.00610358485856,0.0638823450028,6.00287319852e-11,9.39676401031e-10
in_money,put,rho_foreign,1e-06,0.0638823449427,1e-06,0.00610428753667,0.00610422365404,0.00610415977198,0.0638823449486,5.90535953471e-12,9.24411829278e-11
in_money,put,rho_foreign,1e-07,0.0638823449427,1e-07,0.00610423004228,0.00610422365404,0.00610421726581,0.0638823454552,5.1244461452e-10,8.02169386517e-09
in_money,put,rho_foreign,1e-08,0.0638823449427,1e-08,0.00610422429287,0.00610422365404,0.00610422301522,0.0638823438592,1.08350098338e-09,1.69608830789e-08
short_expiry,call,delta,0.02,0.328987656092,0.019,0.0260624027542,0.0190959807018,0.0135280447896,0.329851525384,0.000863869291567,0.00262584104774
short_expiry,call,delta,0.01,0.328987656092,0.0095,0.0223986476363,0.0190959807018,0.0161437652562,0.329204335794,0.000216679701962,0.000658625629105
short_expiry,call,delta,0.005,0.328987656092,0.00475,0.0207027620625,0.0190959807018,0.0175768642912,0.329041870668,5.42145758753e-05,0.000164792127824
short_expiry,call,delta,0.001,0.328987656092,0.00095,0.0194102746684,0.0190959807018,0.0187851940005,0.328989825247,2.1691549375e-06,6.59342348363e-06
short_expiry,call,delta,0.0001,0.328987656092,9.5e-05,0.0191272520677,0.0190959807018,0.0190647444089,0.328987677784,2.16916776208e-08,6.59346246556e-08
short_expiry,call,delta,1e-05,0.328987656092,9.5e-06,0.0190991062599,0.0190959807018,0.0190928554944,0.328987656313,2.20840790099e-10,6.71273787967e-10
short_expiry,call,delta,1e-06,0.328987656092,9.5e-07,0.0190962932418,0.0190959807018,0.0190956681653,0.328987656094,1.71790359715e-12,5.22178739944e-12
short_expiry,call,delta,1e-07,0.328987656092,9.5e-08,0.0190960119556,0.0190959807018,0.019095949448,0.328987656123,3.09343106686e-11,9.40287883017e-11
short_expiry,call,delta,1e-08,0.328987656092,9.5e-09,0.0190959838272,0.0190959807018,0.0190959775764,0.328987652909,3.18286919043e-09,9.67473743008e-09
short_expiry,call,gamma,0.02,3.88619735073,0.019,0.0260624027542,0.0190959807018,0.0135280447896,3.87392282598,0.0122745247465,0.00315849238695
short_expiry,call,gamma,0.01,3.88619735073,0.0095,0.0223986476363,0.0190959807018,0.0161437652562,3.88311899035,0.00307836038107,0.000792126622311
short_expiry,call,gamma,0.005,3.88619735073,0.00475,0.0207027620625,0.0190959807018,0.0175768642912,3.88542715031,0.000770200422428,0.000198188705544
short_expiry,call,gamma,0.001,3.88619735073,0.00095,0.0194102746684,0.0190959807018,0.0187851940005,3.88616653477,3.08159574174e-05,7.92959148398e-06
short_expiry,call,gamma,0.0001,3.88619735073,9.5e-05,0.0191272520677,0.0190959807018,0.0190647444089,3.88619703976,3.10965226014e-07,8.00178678407e-08
short_expiry,call,gamma,1e-05,3.88619735073,9.5e-06,0.0190991062599,0.0190959807018,0.0190928554944,3.88619576654,1.58418498275e-06,4.07643987111e-07
short_expiry,call,gamma,1e-06,3.88619735073,9.5e-07,0.0190962932418,0.0190959807018,0.0190956681653,3.88614963539,4.77153355893e-05,1.22781555549e-05
short_expiry,call,gamma,1e-07,3.88619735073,9.5e-08,0.0190960119556,0.0190959807018,0.019095949448,3.86886583097,0.0173315197633,0.0044597631564
short_expiry,call,gamma,1e-08,3.88619735073,9.5e-09,0.0190959838272,0.0190959807018,0.0190959775764,1.84524602431,2.04095132642,0.525179537277
short_expiry,call,vega,0.02,0.10872608638,0.0062,0.0197716725108,0.0190959807018,0.0184235295238,0.108721208635,4.8777453354e-06,4.48626957689e-05
short_expiry,call,vega,0.01,0.10872608638,0.0031,0.0194334327679,0.0190959807018,0.0187593385911,0.108724867227,1.21915325467e-06,1.12130703427e-05
short_expiry,call,vega,0.005,0.10872608638,0.00155,0.0192646069014,0.0190959807018,0.0189275569784,0.108725781609,3.04770634882e-07,2.80310498638e-06
short_expiry,call,vega,0.001,0.10872608638,0.00031,0.0191296898342,0.0190959807018,0.0190622796682,0.108726074189,1.21906065798e-08,1.12122186916e-07
short_expiry,call,vega,0.0001,0.10872608638,3.1e-05,0.019099351251,0.0190959807018,0.0190926102336,0.108726086258,1.22124171886e-10,1.1232278835e-09
short_expiry,call,vega,1e-05,0.10872608638,3.1e-06,0.0190963177531,0.0190959807018,0.0190956436513,0.108726086378,2.14846196389e-12,1.97603172838e-11
short_expiry,call,vega,1e-06,0.10872608638,3.1e-07,0.0190960144069,0.0190959807018,0.0190959469967,0.108726086378,2.1484480861e-12,1.97601896439e-11
short_expiry,call,vega,1e-07,0.10872608638,3.1e-08,0.0190959840723,0.0190959807018,0.0190959773313,0.108726083692,2.68817189342e-09,2.47242587581e-08
short_expiry,call,vega,1e-08,0.10872608638,3.1e-09,0.0190959810388,0.0190959807018,0.0190959803647,0.108726083692,2.68817189342e-09,2.47242587581e-08
short_expiry,call,rho_domestic,0.02,0.0293442292586,0.02,0.0196893096606,0.0190959807018,0.0185155067385,0.0293450730517,8.43793125538e-07,2.87549936344e-05
short_expiry,call,rho_domestic,0.01,0.0293442292586,0.01,0.0193910320166,0.0190959807018,0.0188041432123,0.0293444402177,2.10959094527e-07,7.18911690157e-06
short_expiry,call,rho_domestic,0.005,0.0293442292586,0.005,0.0192431038423,0.0190959807018,0.0189496610224,0.029344281999,5.27404452333e-08,1.7973021124e-06
short_expiry,call,rho_domestic,0.001,0.0293442292586,0.001,0.0191253410024,0.0190959807018,0.0190666525397,0.0293442313682,2.10962347591e-09,7.18922776032e-08
short_expiry,call,rho_domestic,0.0001,0.0293442292586,0.0001,0.0190989152854,0.0190959807018,0.0190930464396,0.0293442292795,2.0933144107e-11,7.1336493191e-10
short_expiry,call,rho_domestic,1e-05,0.0293442292586,1e-05,0.0190962741457,0.0190959807018,0.0190956872611,0.029344229252,6.54487922191e-12,2.23038034642e-10
short_expiry,call,rho_domestic,1e-06,0.0293442292586,1e-06,0.019096010046,0.0190959807018,0.0190959513576,0.0293442292687,1.01084696169e-11,3.4447896136e-10
short_expiry,call,rho_domestic,1e-07,0.0293442292586,1e-07,0.0190959836362,0.0190959807018,0.0190959777674,0.0293442289911,2.67447286539e-10,9.11413566812e-09
short_expiry,call,rho_domestic,1e-08,0.0293442292586,1e-08,0.0190959809952,0.0190959807018,0.0190959804084,0.0293442298238,5.65219981929e-10,1.92617082203e-08
short_expiry,call,rho_foreign,0.02,-0.0312538273288,0.02,0.0184785127314,0.0190959807018,0.0197287276848,-0.0312553738353,1.54650656253e-06,4.94821496983e-05
short_expiry,call,rho_foreign,0.01,-0.0312538273288,0.01,0.018785348468,0.0190959807018,0.0194104327474,-0.0312542139697,3.86640877086e-07,1.23709929353e-05
short_expiry,call,rho_foreign,0.005,-0.0312538273288,0.005,0.0189401885602,0.0190959807018,0.0192527278001,-0.0312539239899,9.66611035588e-08,3.09277652756e-06
short_expiry,call,rho_foreign,0.001,-0.0312538273288,0.001,0.0190647459698,0.0190959807018,0.0191272536321,-0.0312538311952,3.86643161238e-09,1.23710660192e-07
short_expiry,call,rho_foreign,0.0001,-0.0312538273288,0.0001,0.0190928555101,0.0190959807018,0.0190991062755,-0.0312538273672,3.84658901953e-11,1.23075774978e-09
short_expiry,call,rho_foreign,1e-05,-0.0312538273288,1e-05,0.0190956681654,0.0190959807018,0.019096293242,-0.0312538273262,2.61236171584e-12,8.35853378326e-11
short_expiry,call,rho_foreign,1e-06,-0.0312538273288,1e-06,0.019095949448,0.0190959807018,0.0190960119556,-0.0312538273595,3.06943290229e-11,9.82098246721e-10
short_expiry,call,rho_foreign,1e-07,-0.0312538273288,1e-07,0.0190959775764,0.0190959807018,0.0190959838272,-0.031253827304,2.48168222083e-11,7.94041060868e-10
short_expiry,call,rho_foreign,1e-08,-0.0312538273288,1e-08,0.0190959803893,0.0190959807018,0.0190959810143,-0.031253827304,2.48168222083e-11,7.94041060868e-10
short_expiry,put,delta,0.02,-0.672012844074,0.019,0.05409491676,0.0661475042108,0.0795985778017,-0.671148974783,0.000863869291564,0.00128549520918
short_expiry,put,delta,0.01,-0.672012844074,0.0095,0.0599406663937,0.0661475042108,0.0727047935167,-0.671796164372,0.000216679701963,0.000322433869938
short_expiry,put,delta,0.005,-0.672012844074,0.00475,0.0629995331957,0.0661475042108,0.0693831401759,-0.671958629499,5.42145758565e-05,8.06749102113e-05
short_expiry,put,delta,0.001,-0.672012844074,0.00095,0.0655108477022,0.0661475042108,0.0667876679846,-0.672010674919,2.16915500628e-06,3.22784754102e-06
short_expiry,put,delta,0.0001,-0.672012844074,9.5e-05,0.0660836805291,0.0661475042108,0.0662113629653,-0.672012822383,2.16910452933e-08,3.22777242794e-08
short_expiry,put,delta,1e-05,-0.672012844074,9.5e-06,0.0661411202641,0.0661475042108,0.0661538885081,-0.672012843852,2.22837970298e-10,3.31597784571e-10
short_expiry,put,delta,1e-06,-0.672012844074,9.5e-07,0.0661468658003,0.0661475042108,0.0661481426247,-0.672012844085,1.0893286273e-11,1.62099376062e-11
short_expiry,put,delta,1e-07,-0.672012844074,9.5e-08,0.0661474403696,0.0661475042108,0.066147568052,-0.672012844202,1.27758914559e-10,1.90113798695e-10
short_expiry,put,delta,1e-08,-0.672012844074,9.5e-09,0.0661474978266,0.0661475042108,0.0661475105949,-0.672012843033,1.04089692421e-09,1.54892415136e-09
short_expiry,put,gamma,0.02,3.88619735073,0.019,0.05409491676,0.0661475042108,0.0795985778017,3.87392282598,0.0122745247463,0.00315849238691
short_expiry,put,gamma,0.01,3.88619735073,0.0095,0.0599406663937,0.0661475042108,0.0727047935167,3.88311899035,0.00307836037799,0.00079212662152
short_expiry,put,gamma,0.005,3.88619735073,0.00475,0.0629995331957,0.0661475042108,0.0693831401759,3.88542715031,0.000770200419968,0.000198188704911
short_expiry,put,gamma,0.001,3.88619735073,0.00095,0.0655108477022,0.0661475042108,0.0667876679846,3.88616653489,3.08158344011e-05,7.92955982931e-06
short_expiry,put,gamma,0.0001,3.88619735073,9.5e-05,0.0660836805291,0.0661475042108,0.0662113629653,3.88619707052,2.80211125414e-07,7.2104193412e-08
short_expiry,put,gamma,1e-05,3.88619735073,9.5e-06,0.0661411202641,0.0661475042108,0.0661538885081,3.88619884195,1.4912250581e-06,3.83723450849e-07
short_expiry,put,gamma,1e-06,3.88619735073,9.5e-07,0.0661468658003,0.0661475042108,0.0661481426247,3.88608812719,0.000109223536399,2.81055043123e-05
short_expiry,put,gamma,1e-07,3.88619735073,9.5e-08,0.0661474403696,0.0661475042108,0.066147568052,3.88731829121,0.00112094047981,0.000288441470837
short_expiry,put,gamma,1e-08,3.88619735073,9.5e-09,0.0661474978266,0.0661475042108,0.0661475105949,4.92065606482,1.03445871409,0.266187900596
short_expiry,put,vega,0.02,0.10872608638,0.0062,0.0668231960198,0.0661475042108,0.0654750530327,0.108721208635,4.87774533092e-06,4.48626957276e-05
short_expiry,put,vega,0.01,0.10872608638,0.0031,0.0664849562769,0.0661475042108,0.0658108621001,0.108724867227,1.21915323677e-06,1.12130701781e-05
short_expiry,put,vega,0.005,0.10872608638,0.00155,0.0663161304104,0.0661475042108,0.0659790804874,0.108725781609,3.04770616966e-07,2.8031048216e-06
short_expiry,put,vega,0.001,0.10872608638,0.00031,0.0661812133432,0.0661475042108,0.0661138031772,0.108726074189,1.21907856448e-08,1.12123833854e-07
short_expiry,put,vega,0.0001,0.10872608638,3.1e-05,0.0661508747599,0.0661475042108,0.0661441337426,0.108726086256,1.23914850603e-10,1.13969751629e-09
short_expiry,put,vega,1e-05,0.10872608638,3.1e-06,0.066147841262,0.0661475042108,0.0661471671603,0.108726086342,3.79621056812e-11,3.49153611108e-10
short_expiry,put,vega,1e-06,0.10872608638,3.1e-07,0.0661475379158,0.0661475042108,0.0661474705057,0.108726086378,2.1484480861e-12,1.97601896439e-11
short_expiry,put,vega,1e-07,0.10872608638,3.1e-08,0.0661475075813,0.0661475042108,0.0661475008403,0.108726083692,2.68817189342e-09,2.47242587581e-08
short_expiry,put,vega,1e-08,0.10872608638,3.1e-09,0.0661475045478,0.0661475042108,0.0661475038737,0.108726074738,1.16415833779e-08,1.0707258732e-07
short_expiry,put,rho_domestic,0.02,-0.0704559706081,0.02,0.0647468238462,0.0661475042108,0.0675650315802,-0.0704551933485,7.77259647353e-07,1.10318492619e-05
short_expiry,put,rho_domestic,0.01,-0.0704559706081,0.01,0.0654450523616,0.0661475042108,0.0668541678873,-0.0704557762824,1.94325732325e-07,2.75811589348e-06
short_expiry,put,rho_domestic,0.005,-0.0704559706081,0.005,0.0657957510814,0.0661475042108,0.0665003103017,-0.070455922026,4.85820929458e-08,6.89538339e-07
short_expiry,put,rho_domestic,0.001,-0.0704559706081,0.001,0.0660770693014,0.0661475042108,0.0662179812387,-0.0704559686648,1.94330011805e-09,2.75817663325e-08
short_expiry,put,rho_domestic,0.0001,-0.0704559706081,0.0001,0.0661404588243,0.0661475042108,0.0661545500184,-0.0704559705889,1.92836163704e-11,2.73697405684e-10
short_expiry,put,rho_domestic,1e-05,-0.0704559706081,1e-05,0.0661467996532,0.0661475042108,0.0661482087726,-0.0704559706133,5.14129017137e-12,7.29716747494e-11
short_expiry,put,rho_domestic,1e-06,-0.0704559706081,1e-06,0.0661474337548,0.0661475042108,0.0661475746668,-0.0704559706133,5.14129017137e-12,7.29716747494e-11
short_expiry,put,rho_domestic,1e-07,-0.0704559706081,1e-07,0.0661474971652,0.0661475042108,0.0661475112564,-0.0704559710574,4.49230500021e-10,6.37604586444e-09
short_expiry,put,rho_domestic,1e-08,-0.0704559706081,1e-08,0.0661475035062,0.0661475042108,0.0661475049153,-0.070455974388,3.7798995739e-09,5.36491022872e-08
short_expiry,put,rho_foreign,0.02,0.0638412201871,0.02,0.067430036557,0.0661475042108,0.0648764470739,0.0638397370772,1.4831098548e-06,2.32312266347e-05
short_expiry,put,rho_foreign,0.01,0.0638412201871,0.01,0.0667873471353,0.0661475042108,0.0655105301474,0.0638408493954,3.70791700552e-07,5.80802966274e-06
short_expiry,put,rho_foreign,0.005,0.0638412201871,0.005,0.0664670684577,0.0661475042108,0.0658286571828,0.0638411274883,9.26988018429e-08,1.45202114827e-06
short_expiry,put,rho_foreign,0.001,0.0638412201871,0.001,0.0662113597716,0.0661475042108,0.0660836773387,0.0638412164791,3.70794271676e-09,5.80806993647e-08
short_expiry,put,rho_foreign,0.0001,0.0638412201871,0.0001,0.0661538884762,0.0661475042108,0.0661411202322,0.0638412201498,3.72678415905e-11,5.83758290981e-10
short_expiry,put,rho_foreign,1e-05,0.0638412201871,1e-05,0.0661481426244,0.0661475042108,0.0661468658,0.0638412201937,6.58596788217e-12,1.03161685552e-10
short_expiry,put,rho_foreign,1e-06,0.0638412201871,1e-06,0.066147568052,0.0661475042108,0.0661474403696,0.0638412201992,1.21370830053e-11,1.90113581315e-10
short_expiry,put,rho_foreign,1e-07,0.0638412201871,1e-07,0.0661475105949,0.0661475042108,0.0661474978266,0.0638412206433,4.56226292855e-10,7.1462652424e-09
short_expiry,put,rho_foreign,1e-08,0.0638412201871,1e-08,0.0661475048492,0.0661475042108,0.0661475035723,0.0638412211984,1.01133780517e-09,1.58414548188e-08
