quarter,growth,unemployment,rate,borrowers,defaults,noise_00,noise_01,noise_02,noise_03,noise_04,noise_05,noise_06,noise_07,noise_08,noise_09,noise_10,noise_11,noise_12,noise_13,noise_14,noise_15,noise_16,noise_17,noise_18,noise_19,noise_20,noise_21,noise_22,noise_23,noise_24,noise_25,noise_26,noise_27,noise_28,noise_29,noise_30,noise_31
0,0,0,0,10000,88,0.847110729995,-1.03948631927,-0.193913785828,1.13805977543,1.20584828883,1.71806633168,0.0588426316599,-1.39892665602,-0.5221948936,-1.23062464222,0.597888561131,0.645316477262,0.962223960732,0.642597664623,-1.44547488753,-0.0427102149872,0.54373560425,-0.265263826079,1.13996168681,1.66885696886,0.780596731508,-0.0784619722769,-0.485441166331,0.497081733805,0.977807355069,0.305071382844,0.525156119213,-1.0756644991,-1.03762086955,1.7689414163,0.410598057591,1.28418793533
1,0.36974327034,-0.452197321699,-1.4860476722,10000,79,0.362562241252,1.18328024531,-2.04847167021,0.0388265405571,-0.79114547802,1.73947851622,-0.658072820167,0.0751011001067,1.66058133737,-1.96779122769,-0.214383037196,0.372125513547,-0.648341600111,1.04840859935,0.832457390548,1.12285556629,-1.16518753302,-0.529431052074,0.284120607598,2.0755414912,0.455437286666,0.0730441973768,-2.09423927278,-1.18317556007,-1.06992606239,-1.2679095463,0.137021537524,0.472393336006,-0.989352932631,-0.662479208615,0.782399042788,-0.136289848227
2,0.29019202749,-0.380500608737,-0.631157414652,10000,66,0.0415262809851,-0.978366003136,-0.962340162768,1.24433795802,0.449928130736,0.233377729608,-1.19243065774,0.435568446351,0.522592282571,-0.256888848593,-0.386380938142,1.78727396277,0.0179001598863,-1.7303554264,-2.80028354985,-0.641288463966,-0.69928428972,-0.0894973980532,1.23660415895,-0.602498562614,-0.788820584457,-0.259260702861,-0.538582538687,1.59443017905,-0.963303482777,1.49208578258,-0.585270815434,0.1423424584,-0.964131832601,-1.54577278912,0.565530169219,0.363595858733
3,-0.191727550226,-0.350098664326,-0.925431654442,10000,75,-1.18603551486,0.351397799267,-1.31613452474,-1.81561103188,0.118208131881,-1.35194185718,-1.43441558621,0.682240037356,1.29989068333,-0.227992887064,0.027331389194,-0.480404724897,0.844801462031,1.79697793303,0.167583221204,-0.00738428677784,-0.532782275035,2.20820047961,-0.160918638907,-0.919918573461,0.65208471691,-0.595701790054,-0.0501420320499,1.22580162131,-0.798862152309,-0.940402310574,-0.508666435234,0.316439275815,0.689125204114,-1.52424961278,2.67133275631,-0.83397961932
4,-0.0904674358254,-0.733964460079,-0.424267217708,10000,52,-0.94884502841,-0.12888338533,0.548465189539,0.668696777983,-0.850802592838,0.365886881522,0.517300826829,1.03291881223,0.207857965081,0.438687773549,-0.0992633235224,0.0435007339564,-1.25399536709,0.05050108762,-1.45003270491,1.67548074328,-0.0921299629266,2.11594126497,-0.777395344508,-0.218049121896,0.683717171529,-1.36567147334,0.20072456115,-0.104319461615,-0.252992108956,1.36035795945,-0.18291508114,-1.15420557439,1.45203652703,2.71258560509,-0.817451113041,-0.196953576892
5,0.801112138528,-0.773124536775,-0.0108516817658,10000,65,1.21077567228,-1.01977344976,0.469511811636,-0.00108185115742,-1.43395270444,-0.0446800796123,1.09429947346,-1.1446411393,-0.290320648617,0.413784702201,-1.16645394453,0.158650103734,0.644857293747,-0.0842378458156,1.65701052274,1.0722595873,-1.64482621543,0.687412528776,-1.13251064883,-1.1010921305,-0.0907116635686,-0.768087264828,-0.484251572058,1.76330369113,-0.367832648202,0.434195282643,2.04399101767,-0.0915992042553,-2.1897907878,0.947760278051,1.50117656596,0.929102476888
6,0.70268480707,-0.0888310180348,-1.03882714613,10000,35,-1.18661637172,-0.712741485005,-2.13444749784,-0.180498217089,0.506495050036,-1.01408841764,0.0363480694846,-0.742347707923,1.32589253257,-1.42625915396,0.946899924135,-0.17560227975,-0.775438992317,-0.638356647788,1.36429647441,0.105903422052,-1.19249359632,-0.983820822299,-1.27554935426,0.34461074716,-0.761223779965,-2.41157923318,-1.63012015952,-1.82836615519,1.27113787525,-0.0582303349107,0.999635170618,0.219862930435,0.309548404184,-0.556889382097,0.370613747287,-1.77565681931
7,-0.0116514499637,-0.752123090161,-1.28647852305,10000,33,-0.703749265767,-0.872267366914,-2.36286723587,0.875346608549,-1.56909524206,0.31437494709,1.73201559287,-0.621449735076,-1.11674073514,-1.50668227619,-0.131842085184,0.0876499409668,0.936878212214,-0.170059732126,-0.0136255947799,-0.611739014114,-0.0170129796504,-0.996315879841,-0.51965913797,-0.538070644552,-0.290428440061,0.502580079314,-0.236332383363,-0.0500093163742,0.511730863634,1.51584579497,-0.676584418747,1.24571930733,1.38820577054,0.426599726778,-0.135045398162,2.46098216864
8,0.438675289459,0.153050968216,-1.43842044952,10000,18,-0.394684662789,-0.428647088396,-0.694443105159,-1.14690052386,-0.289912165927,-0.0191297307924,-1.35045384019,-0.167874431008,0.701955487524,0.0182950763584,-0.0377899601887,0.687189149195,0.145798361105,0.03669908095,1.27946245812,-0.547974155187,-1.66742435018,-1.58527356576,0.504610992457,-0.30451939116,-0.0374069291342,1.44062453895,0.734322334636,0.0447765561139,-0.491480210596,1.89042101613,2.19784049102,-0.37191985988,-0.619354624457,-0.561996799356,0.635747549527,0.223926594541
9,-0.0620821147586,-0.0808159953923,-1.27850453334,10000,36,0.0755192783127,0.476446991178,0.606303608995,-0.213598319649,-1.75990591069,-0.8619972002,-1.04051839161,0.691478408659,-1.04551245558,-0.162096063667,0.300684291165,-1.93135904625,-0.245595747736,-0.894965339095,-0.100622000654,-1.83445079747,-0.485629423513,-1.25435555375,0.44216075505,-0.399489687343,-0.168820404367,0.260072014182,1.78983823241,0.858688313036,-1.22380092218,-2.00596677231,-0.303219530962,1.21959147394,-0.870645666862,0.82697237803,-0.850567070813,1.36499128297
10,-0.638708186702,0.410342499662,0.166451737754,10000,65,-0.854986341921,-1.12332959853,-0.0879113398762,1.26559444197,-1.80319223154,0.551148159829,0.323241296396,-1.70595247128,-2.7177736308,-0.527326633666,0.0145222653843,0.930286767668,0.062771106198,-0.22429730658,-1.02168314852,2.07710093808,-0.209693734779,0.823245658618,-1.28417426534,-1.08821951659,-0.561450018576,0.407819809365,1.60910473321,-0.85019198298,-0.574156791982,-2.00297155999,-0.751445396446,-1.29779135473,-1.93464555947,-0.414732827611,0.51054876223,-0.802019663948
11,-0.817873679826,0.659704162955,-0.0397489052752,10000,57,-0.0745522474442,0.730602100207,-1.73004124963,-1.4580713792,-0.502313562569,-1.61928511708,-0.681647121975,-0.602866211954,0.855184895055,0.122561233286,1.26309295063,0.892026656985,-0.727869255403,-0.629969036485,1.14184646492,-0.843860293483,-0.109169816834,0.20317349595,-0.0351562626797,0.43178507016,-0.332809170411,1.06053169196,-1.79610732279,-0.215340999837,-0.500618592992,0.392799963469,1.15146870849,-1.22012194045,1.42675374423,0.786443717141,0.0879304283079,-0.436138766976
12,0.085441662415,1.12633557265,-0.27151788213,10000,111,-1.30105051372,-0.0295854996396,-0.0324582101465,-0.780109230159,-1.87715890397,1.17677365539,-0.253512080279,-0.209661659075,1.10740611128,0.746919680038,-0.282501703348,0.182217512965,0.914380788503,1.06806796951,-0.617485474061,-0.758138705144,-0.0274757815416,0.249202002296,0.863288092027,-0.887780260639,1.84750911986,1.42860278955,-1.01534351503,-0.181066976431,-1.0914383793,-0.461204787809,-0.154441023105,-1.19151282203,-1.86389772944,1.9579481354,0.0332784507959,0.47341958629
13,-0.938308127781,-0.276843746548,-0.0932504893718,10000,181,1.34840550472,-1.99013105741,0.165636852315,0.32727281072,0.562898239844,-1.18639815313,0.184367865821,-0.254946160173,-0.578622233999,0.368814007582,-0.449195398163,-0.879932461868,-0.174091657757,-1.00450787393,0.534506929123,1.42273526875,0.469953493374,0.916934014777,-0.415216924615,-1.60354308112,0.0371427900128,-0.47310516951,-0.284244865054,-0.0700242810956,0.185678260542,-0.458327359033,0.638377099181,-0.648581760949,1.38300727397,-0.18877709974,0.735338885431,-0.267453777346
14,-0.857600818917,-0.324188605185,-0.653009304594,10000,132,0.640179643039,0.946346344828,1.22740620148,-2.29041081281,0.84319018986,0.595869938949,0.891009040673,-0.153346082767,1.60621480869,0.382578697824,-0.557028105311,0.36944956182,0.399051492966,0.871097937446,-0.276033091774,1.41521272816,-1.44626686051,1.2853198367,-0.172693183829,0.677805522448,0.0875983847348,-0.775516286164,0.203857409627,-1.81505987186,0.233685222202,-0.30476955925,2.04506583236,-0.971108016933,-0.173631811906,1.10345475606,2.05655141423,1.02835339339
15,-0.388810622683,-0.46742091608,-1.00936557521,10000,103,0.245507246593,-1.1922649987,0.0381099566038,-0.242396502745,-1.04839606186,-0.229031717198,-1.12473068578,-0.775091164471,-1.1485013171,0.143255453763,0.490795793175,1.42454408045,1.14908630418,0.806440155414,-1.95230052247,-0.76458756864,-0.726054449985,0.717899276614,0.801257414272,-0.760567028986,-0.595632591184,-0.0783542742749,0.570891789175,0.852918961458,-0.333728568962,-0.590295339912,0.5414267603,0.838099782688,-0.425293640789,-0.565322059857,-0.298988008085,0.475438130419
16,-1.18161022045,0.879579895472,0.0831758055438,10000,111,-0.815476982141,-1.18539030214,-0.810812429914,0.762664978367,-0.0994419850369,1.91201603289,-0.343579769882,-0.960406692463,0.0210235846732,0.0631797643377,-1.32844223143,0.494436031438,-0.364369393081,-0.261013856694,0.629775775513,-0.339195737603,-0.448544127214,1.19579504176,-0.333600157311,1.33299256152,0.439720214213,0.478782818633,0.6328041052,-0.204478536945,0.276355250072,-1.58297586353,-0.351633254938,0.809164090126,0.293539618011,-0.204471062027,0.415761609523,0.26839932955
17,-1.19502759899,0.307396217685,-0.0363373058969,10000,153,0.789032574904,-1.75113469793,-1.55434664509,0.009132137592,0.874383895544,0.572241944809,-0.610336027746,0.769653474705,0.57089296482,1.02094173337,0.633573151161,0.373871253045,0.632148414885,0.305387091336,1.08587315249,-1.2504115513,-0.331538560769,-0.322868325949,-0.0683405068533,-0.101401780356,-1.08057236478,-1.24321309555,-0.136524992762,0.124050161124,0.062278083241,0.46850138302,-0.317601382716,0.714858707663,-0.111716108267,-1.18883502067,0.180327598159,1.11616375888
18,-0.454105584953,0.640932428162,-0.539732562078,10000,256,0.146587433069,-0.9125013558,-1.63469319922,1.25881880957,0.352094340824,-0.598154027092,1.16930412859,0.123581722308,-2.14416917915,-0.592680908839,0.82059996346,-0.560497662033,0.0586261749198,-0.756597325962,0.941543095204,-0.0971873540362,-0.946109409959,-0.614846188059,0.73929719558,0.198192169169,1.82487206287,-0.389043276593,-1.28135410351,-0.245695514292,-0.872571636916,0.668547377288,-1.16551606067,-0.922194846989,-1.2397803762,1.72115517427,-0.781456467671,0.306684211752
19,-0.112442343141,1.05572925154,0.0199068230364,10000,303,-2.18775662687,0.4294478476,0.572652992565,0.656369976831,-0.345188700743,0.41339477604,-0.538884098312,-1.75876454411,0.728071979222,-1.48349583706,0.195263616013,-0.00256291600831,-0.489547577254,0.24228773723,0.732096038529,-0.304690681768,-0.515979183718,0.163322759477,-0.179243318499,-1.85413187882,0.645968879011,-0.965502451811,-1.14048784526,0.807901823746,-0.44508169112,-1.58378165189,0.016109477186,-0.101855128874,-1.41571112527,-1.15697651889,-0.639818893018,0.30204666646
20,-0.716983590311,1.20209729251,0.305502383161,10000,382,1.59914072117,0.581244745803,-0.894697071057,1.50178516555,-1.86564622414,-1.44763549235,-1.54925323385,1.92892721985,-1.03652442811,1.51842971837,0.404059399708,1.13037716686,0.0130988499407,-0.887676981663,-0.267850197957,-0.806073499276,1.21539571676,0.541114064569,-0.0350366339132,0.670270739588,2.18945469548,2.0286668083,1.20231028801,0.798632596081,-0.515086697092,-0.691211815031,-1.30540235516,-0.622441950415,1.47735240563,0.774381416458,0.920353457324,1.75056146437
21,-0.519442864161,1.37863626179,-0.105691154617,10000,404,0.581251299948,0.206480855776,0.945969360103,2.06556395315,1.30921330563,0.833921143999,0.363504325326,-0.693063223731,-0.390243148243,-0.622890394435,1.39314525166,1.8849362153,0.186923811426,0.928126957461,-0.805396602005,-0.104907906936,-1.68977543313,1.40612531203,-2.00616470893,-0.0700713051902,1.32061017987,-1.06264674134,-1.55124586615,-1.44106851752,0.2255159577,-1.37479211246,-0.707226946669,-0.578275926215,-0.822976200377,-0.496490317051,-0.339819410133,-1.31758799666
22,-0.158120399693,1.14241143103,-0.688737642635,10000,481,-0.401460111176,-0.0421813411664,0.0605295383865,-0.500931758949,-0.569696524442,1.78281045157,-1.74345550367,1.91246804602,-1.64832261438,-0.335709730504,0.0761285273417,1.71764577545,-0.220317861053,-0.718485431173,-0.0801297224138,0.709244288544,0.12655974737,-0.0934263148328,0.603261311329,2.26624347142,0.0505153840133,1.33165353036,0.854144665488,0.225400423324,-0.274895306805,-0.545056342659,0.791416455097,-0.625032100827,-1.14797801786,-1.19224436127,-0.59780052624,1.62100279086
23,-0.579631356986,1.36375036139,-1.15980723857,10000,487,0.695198388169,-0.521856554205,-0.214460366146,-1.05729891852,0.386779674199,1.10971642827,-1.77361325299,-0.291116576979,0.524005437342,-0.162028657549,-0.98868164971,-1.2130033228,1.64213053889,0.267967259676,-0.705481827807,1.94139284885,1.44611891684,0.268557070956,-0.216143636742,2.40439550453,-0.199980272404,0.294480374313,-0.363619342791,-0.567771440294,0.447129344387,-0.527321916718,1.38245646616,0.726129160339,0.770178671718,0.0354574192345,-0.180803790753,-0.348448588671
24,-1.45681906097,0.96365328844,-1.21186949075,10000,235,1.239544598,1.00806578217,-0.520206797057,-0.784488232735,0.00802007351007,-0.0412774764162,-0.0516099738737,0.235194225396,1.59641992673,-0.922322055279,0.0805776024097,1.41899855819,-0.675720785784,-1.0099278214,0.348437049862,0.230280455347,0.509281137127,0.206870557499,0.230204042829,-0.875213457643,-2.17310422954,-0.602399877452,0.602565587566,0.46863932863,0.875552944767,1.28098314299,-0.8471595942,1.20222623586,0.230996856512,-1.49904449201,0.121597907237,0.0348790118776
25,-0.820722759377,1.55116111307,-0.750323566357,10000,228,1.67059223755,-2.18958077962,-0.250928943781,-0.768375316231,0.570868045742,-0.35853099533,-1.72893111173,0.564877030093,1.48350638064,1.27839396638,-1.86889800798,-0.309890837851,1.55957726051,0.211790392213,-0.578567321233,-0.593503214499,0.169362044004,0.981370707541,-0.474786382383,-1.04052429314,-1.75178423024,-0.343991177328,-0.77816985972,2.5646484744,-0.183914901538,1.03757082329,1.43647191242,-0.904831301493,0.200979143127,-1.33379285049,0.606924298862,0.20062493072
26,-1.50655559302,1.69260890482,0.321801421945,10000,524,0.285165972962,-1.09391689851,0.232089886775,0.977648112627,-0.835906362666,-2.20128400506,-1.64003962258,1.61236265946,-0.937854930265,0.51366531973,-2.61039126004,0.55445756095,-1.55912527671,0.962714159449,-1.80551676521,-1.64612102344,0.0786528853674,-0.387278558267,-0.172387868005,-0.575280520488,-0.870931696126,1.24729917202,-0.0311135940005,-0.455413354757,0.916168665201,1.07490702602,-0.876072649689,-1.38434414712,0.759618713386,1.27144906027,-1.54801135771,-0.0637444892222
27,0.265213188146,0.975054230871,-0.579088455281,10000,554,-0.942584776409,1.26988892733,0.0855495992693,-1.80196489024,1.65727958479,-0.0284569677159,0.485384290507,-0.382846896673,1.07839874352,-1.89906443908,-1.0919481195,0.488072588302,-1.50107477066,0.337911184285,0.881588949641,1.09042761273,-0.806278922176,0.865481868277,0.856618118009,-1.01025782186,-0.636811143648,0.779737922268,0.0250886491414,0.00676195178621,1.42653311981,-0.195415886926,-0.925042178132,-0.251820113295,1.61375677653,-0.541883210901,0.147819385627,-0.795222171413
28,0.538918130716,0.30356378619,-0.633958161338,10000,685,0.00841697273471,0.478721024844,0.245319568189,0.357393161636,-0.224702873218,-0.789762972077,-0.234340578431,-0.321750957624,0.257890504993,1.2985466023,-0.276530410265,0.0595090486272,1.29605061335,-0.455589843267,-0.492511326671,0.376198285875,0.692545344851,0.958608991743,-0.501651949731,-0.613417076991,0.71814757345,0.355596817032,0.921269869233,0.505073403609,-0.285852526714,1.1663419628,-0.22901627759,1.04991223498,0.692083840843,-0.622325057538,0.262098029876,-0.146109037248
29,1.32507091494,1.25844248591,0.255367891453,10000,250,-0.910916165965,-1.71815401314,-1.36033250404,-0.332967003108,-1.64625491554,0.135101256706,-0.763012886403,1.00232002894,-0.383672299534,0.858151867241,-0.200932686373,0.751097994437,-0.84123320797,0.780017364136,1.3727704855,-0.155083372293,0.435403508596,-0.446443059832,0.372700865133,-0.340631725505,1.56580466068,0.216574912329,-0.96662740988,0.766561228372,-1.25501275682,0.340190506248,-0.196177939679,1.45088645533,0.432886620071,-0.943569912719,1.99287860277,-0.064597435816
30,0.541544306574,0.698077665478,-1.21954798648,10000,288,-1.12891731906,-0.821448715883,-1.09865694434,1.31541268532,-1.27851910716,1.75503752261,0.367368967116,-1.47292959443,-1.4136929801,0.153685616232,0.195359436465,-0.151950616841,-0.489020901967,0.131828926879,-0.535491241748,0.712486514478,-0.67062133181,-0.856350745443,0.967894155004,0.333813401005,-0.250172823738,-0.644130280783,0.383588529897,0.788295078495,-1.6725140019,0.993571330156,0.605560307166,-1.18919534031,0.0286307338179,0.332545919523,0.490083893668,-0.672229923699
31,0.49903072347,0.716596890343,-0.372960642527,10000,105,-0.155882150558,-0.509472966091,-0.296742744153,1.09924057194,0.690435114079,-0.437632268271,0.109166888067,-0.295719568072,-0.817296820689,0.249515625986,1.50238854199,-0.506653441604,-1.42051378979,-1.90251875204,0.378876249862,0.953545475947,0.461923365575,0.829112502552,0.762630509773,-0.209299630615,0.268460058778,-0.311200082394,0.941363940188,-1.54751055714,-0.156497147403,-1.95581717419,-4.93210711396,-1.21675153623,2.08457648255,0.925665185755,0.393678140347,0.681859396285
32,0.440615442991,0.448326253897,0.766143250175,10000,97,-0.364159407012,-1.12096548934,-0.657776342108,0.442656683516,-0.218401737357,-2.33040249653,-1.10711373113,-1.0319135835,-0.347384910358,1.5795543542,1.61712296381,0.942173678672,-1.72902791943,-0.440078870087,1.06972027549,1.83597670235,0.747169512219,-1.04870898021,-0.2762335036,-2.24172218833,1.08755671397,0.481301229973,1.24613784024,-2.31907500792,-0.37857282961,-0.109851311104,-0.0679933386449,-0.156486226029,1.13077351805,-0.607564358895,-1.58244295901,0.84242128322
33,-0.231050298131,-0.0010078834711,0.652401683957,10000,104,-0.378558785629,-0.00225229040989,-0.287128417602,0.266745284127,0.509394406048,0.531366558893,0.199364757371,1.15744240453,-0.548429393118,0.645705857986,0.785729578999,0.891049956731,0.613854459764,1.44163054735,2.5535079999,2.12494690092,0.500670837677,-0.262180656821,-0.889509925805,1.05420060553,-0.107400004056,0.367188446322,-1.85311186341,0.303927164548,1.36826081048,1.42545376334,0.767406281731,-0.540700121569,-1.02375748381,0.300852927782,2.04958115205,-0.79113310927
34,0.483249910622,-0.727848903385,-0.255820067384,10000,103,1.45313597529,1.45141452429,-0.77761113658,-0.742426393544,0.762421083656,0.149819140114,-0.319280141248,-1.98882001828,0.833114092941,0.0467232120768,0.0589393682863,0.221999151619,-0.843808237196,0.662696736144,0.436045109192,-0.894055380575,-0.315867490323,-1.87034192686,0.451906095621,0.982030301981,1.20898655412,0.963131464471,0.544070967067,-0.0675258757173,-0.972756972222,0.284870227819,0.28792202596,-0.864521764547,-0.574863380492,0.527111823597,-0.822795826923,0.873761713922
35,-0.00808930762702,-0.794645344319,-0.308608808041,10000,61,0.0589859515212,0.864894504077,0.471563131386,0.745761843104,1.60825650493,0.0191894895319,-0.144414960472,-0.411442670432,-1.01428045195,0.509442038822,1.00979561763,-0.389213551412,-0.282888017297,0.0300593961841,-2.67047332619,-2.2157581592,-0.376860557316,0.282528760862,-0.767966480931,-0.643293220758,-0.169127165846,1.06968933005,-0.0348298379913,-0.125284966874,-2.40387142692,0.324246129646,0.330686537136,-0.347950640014,-0.00269481759061,0.896257533527,0.746184554438,-0.599643403514
36,0.385329753552,-0.672641855551,-1.09410769542,10000,58,-1.24029586664,-0.188751022381,0.483133821062,-1.2151946127,0.711905117881,1.51429037409,1.84361807709,-0.753428964804,-0.592932405226,-1.08636332071,0.196184244017,-0.496390769633,0.186657540727,-0.330429265498,-0.0274990355442,-0.560286728653,-0.755877462676,-1.00620898046,-0.621568064482,0.339908046747,0.777120266609,-0.165881371,0.197306710238,0.291124158266,0.682906463989,1.24268741304,0.540778530598,-0.339848257219,-0.573084245107,-0.0790298603468,1.31030159214,0.257950042944
37,0.233709257243,0.205044960716,-0.0746799774942,10000,68,-0.0539204350806,-0.483887060356,-0.240882303196,1.33058072532,0.235837438694,-0.14473810913,0.298283568628,1.45826812894,-2.38084294897,-0.521811790699,-1.59425988606,0.234074423737,1.29787191969,0.212654270567,-0.462411646388,0.158779352475,-0.460135677832,1.11999649066,0.987553856554,-0.964175813012,-1.12776618379,-0.612068140553,0.166268809979,-0.880412597489,0.764761515855,1.9218946768,-0.505722113369,-0.830970726177,0.372645959818,-1.41326172577,0.129010766299,0.720077532311
38,-0.245680367619,0.494499530165,0.044339660099,10000,64,0.666141415777,0.093167688319,-0.0533494431832,0.717571267979,1.49958383438,0.603952636942,0.526224402739,1.04459700063,-0.151945049168,0.527704388653,0.0597487838356,-0.597408941363,-0.334235441768,-1.03124409161,-1.40571020652,0.959739596417,0.664153537217,-0.657461692576,0.233123560512,0.00168591042215,1.18762491905,0.480520632642,-0.227687687289,0.495996545611,0.277204393964,0.0915267402473,-1.19785553278,-0.219331147085,-1.28058308133,-0.994237971984,1.29946301299,-0.918415996317
39,0.207919594021,0.544635443782,0.132520460114,10000,67,-1.14395966364,2.28665387489,-1.54941955692,0.0878460235254,1.2535820048,0.312380756776,-1.27057855761,-0.937191822025,-1.90360684859,0.276217646696,0.553454401095,-0.823946396092,-0.180216804951,0.524437237813,-0.14127345826,-0.561748399102,-0.683787639683,-0.0952436698943,-0.0249880258298,-1.23267852283,-0.168780917074,-2.15131384539,0.232197591908,0.938244545133,-0.728724395585,-0.346180082475,0.689726921181,-0.374848546858,2.06870904856,0.789884931554,0.46395832987,0.683800521868
40,-0.143566738326,0.168826443253,0.240219748869,10000,128,1.6050296416,1.01626633401,-0.0946083698771,0.0787742451131,-1.30063969099,-0.800088595031,-2.42533807662,-0.475170399071,2.48180526908,0.0854666046778,1.58324196616,0.708418364605,-0.188298243377,-0.147530624168,0.349219857329,0.253795144598,2.40216868883,-1.15172759276,0.297175184608,0.26743361573,0.872288690383,-0.0694420276046,-0.181961691657,-0.562350736387,-0.248975896772,0.911243388673,1.18191204611,0.211798531241,-0.29618607577,1.54143350355,0.974013218459,0.594348830928
41,0.3584126495,-0.0709471308724,-0.415336301012,10000,146,1.61584685894,-0.0295564800094,-0.778976097951,0.00185674791856,-0.584649415472,-0.482958508994,1.09141499475,-0.973918684594,-0.106487487765,1.30697480724,1.53021647262,1.80406870574,-1.01629411243,1.44427346805,0.372971163038,-0.828508261532,2.59656965899,0.724777645256,-0.166971114681,-0.754814470563,0.607714954147,-0.312961036218,1.06739615136,1.60814448233,-1.71106749134,-0.294462076969,-0.578310004849,-1.55558652576,0.895948781186,-0.366655371422,-0.812141857548,-0.280212535085
42,0.523891986259,0.316558524858,-0.63575227828,10000,118,0.858128870879,-0.620646741365,1.06213720994,0.0567207286868,-0.345711417148,-1.3609858381,-1.29807483216,-0.18480405449,0.284787637019,1.05342236729,-0.786393781286,-0.230056762453,1.01609886778,-2.02302027545,-0.447486076414,-0.120314547447,-0.0622637577843,-1.62021135876,-0.842325619563,-0.00880235979839,0.870865579631,0.230099531514,0.848154419351,0.291653614053,1.2308356828,-0.583556781,0.0619970630816,0.506901453224,0.981206928384,1.1660134811,-0.869223282138,-1.02593616881
43,1.06879557547,0.055512452718,-0.997111594197,10000,137,1.05670330763,-0.578980402019,1.26694351173,-1.12081537177,-2.08744790214,0.186879116427,-0.730553108441,0.441196816923,-0.130783639487,-0.0342355011575,-0.641988342853,-1.42385767164,0.342027925817,0.688338050205,0.563261318801,-1.02963652199,-0.0814676119334,-0.162621280167,-0.716366042252,-0.925026244994,1.02892333494,1.40537733171,0.983820712171,-0.365286425484,0.157656717178,0.741289852599,-0.0769223103999,-0.00922600941243,-1.09973040709,0.476225006899,0.127713952771,0.680549595429
44,1.92845584708,0.0722558110999,-0.245568821935,10000,65,0.168180440198,-1.3339885994,0.507647743971,0.396897487757,-1.17248464805,0.305015013545,1.21609810348,1.21536803262,0.00436200045097,-0.234650479257,0.615416717201,1.41450600159,0.830319171239,-0.697812694028,-0.898495478139,-0.251881053052,-0.109110264939,1.27124400813,-0.485453960892,0.779929997598,1.04496874311,-0.481519002015,0.184491659742,-0.128275828484,0.969052741069,-1.19318527864,0.837892892579,1.1102372456,0.977952484703,2.87577809752,1.1301699711,-0.278084411378
45,1.02465735704,-0.163489956269,0.109652973993,10000,59,1.3103055192,0.381027397392,-0.0806507581752,-1.1711780814,1.46885123031,-0.564215543342,0.36972409114,2.76016468954,-0.55617931176,-0.0410554047799,1.13662934978,0.0200259452002,-0.0397332977061,-0.489971189025,1.8536702863,-1.04492463603,2.2507570153,-1.07560046087,0.274288222731,-0.392999670125,-0.361853377677,0.200621922963,0.651163965102,0.551963554575,0.733499930627,-0.50461621008,0.928513240003,1.7019575715,-1.87459964021,0.49494027451,-0.518172834276,-1.09326429445
46,0.880931633165,0.159356243114,0.456303860158,10000,63,-2.18230262822,-0.566644952981,1.79557251357,0.439160265287,0.790843123171,-0.873793665914,-0.815279159698,1.12760234781,0.869267150419,-0.423109105988,2.42244410971,-1.82296598705,0.547974639923,1.02341355793,-1.1594442652,-0.232583171005,-1.40383272961,-1.19732676051,-1.83907445527,-2.20167402551,1.50965943552,-0.75364215273,0.0305343879493,-0.222077757621,1.48235513504,-0.699577136927,0.393928627998,0.642529959212,1.52966109582,0.526646369038,0.518263447117,1.99742575698
47,0.256678132491,1.24729213426,0.281208222246,10000,45,0.756111100349,0.771949839184,0.481532976447,0.586444506423,-2.07886897553,0.260876354841,1.97067866081,-0.791990638995,-0.140169212482,0.486790830995,1.77161446059,-0.500081802358,0.430096785544,0.173693082003,0.233119005533,0.326482742029,-0.132595513748,-1.14339245564,-0.386662842444,1.19834588636,1.90924882604,-1.19068809755,-0.68354570579,-0.826057396542,-0.903381363581,1.76531626529,-1.23697696521,0.219675321469,-1.19263447068,-0.862855968265,0.209832250517,1.37570444481
48,0.70516742734,0.886130333075,-0.834035847173,10000,46,0.98031881566,-0.814126298794,1.11936293617,-0.0312068431114,0.583615302747,-0.367871397295,-1.0274532306,0.692362143186,-0.385891947817,-0.201070446463,-1.64726552663,0.491217730891,0.12401752287,0.191092548136,0.425888259608,-2.16840989116,-0.7395741427,0.915334060826,-1.93410010917,0.908705552286,0.0474874465622,-0.648356899836,-0.627420441781,-1.28518444778,-0.183008013789,-1.12828900727,0.655714720964,-0.03001502625,-1.76874392374,0.361311603562,-0.223767100515,0.0834503626424
49,0.684962079265,0.728446171141,-0.254233763789,10000,88,0.00388313161477,0.320058261226,1.27256982867,-0.263436288599,-0.0706664912838,0.0317991701725,-0.203273732643,0.90190141791,-0.325998789287,-1.44938365219,0.900655569765,1.30639721974,-0.389141919991,-0.531015705961,-2.42020789824,0.87042907202,-0.575613281486,-1.09135410917,1.9063684808,0.728500165909,0.788445251007,-0.527209481162,-0.456496753888,0.582403353034,0.702237442234,-0.794945223581,-0.372994659406,1.97476389863,1.44737369043,0.248447092702,0.707793007437,0.368521969986
50,1.08083977141,0.278193406678,0.138860233655,10000,93,-1.72521588701,-0.246759565399,-0.350220821409,1.48365220657,0.40266994956,0.368809756523,-0.832781960839,-0.0219958029208,1.10250734095,-0.026342685142,0.248256499169,-0.425501163431,-1.23209844061,1.77086821474,0.917801252447,1.96028670852,-2.67540828744,2.07526273883,1.12070879406,0.779349523664,1.40671315252,0.706956361857,-0.634857643925,0.581951084666,0.935977959037,-1.00549218944,-0.503073839914,-0.646014000301,-0.321614818574,0.228028193141,0.477188596229,-0.217770714343
51,-0.525425123202,-1.34636334839,0.231926109711,10000,90,-0.199650850599,-0.46728630105,1.32553442106,-0.179037300603,0.236889789066,-0.669038031682,0.995543784855,-1.72453182103,0.875733635905,-1.4426980218,-1.51166719409,-0.579368376894,0.412261129053,-1.80971635211,1.46737694204,-0.0142175309847,-0.132825123284,0.0115080842882,-0.233636499367,-0.484483407198,-0.0825517286713,-0.0642012546615,1.18278083432,0.451643657974,0.276953690699,0.0691315824391,0.109181875238,-0.253948290371,-1.11935229349,-0.767015900418,-0.78935400351,0.803949517944
52,-0.349398147643,-0.211328181425,0.159419557665,10000,54,-0.858706352649,0.666979777361,0.288250517469,0.408376162869,0.824712466301,-0.816293429755,-0.570024277695,-0.0478439395845,1.09795941293,-0.805801922083,-0.294937598192,-0.836312079675,-0.644367977105,0.952457615914,-0.696850658336,-0.00493464461189,-1.27689835622,-1.72312476119,-0.110089521988,-0.536078333354,-1.78707769394,1.21277472292,-1.36959796972,0.295240375962,-0.60607333332,-1.26176230764,0.366116403132,-0.672863783658,0.330131045835,-0.642634390804,-0.225004504176,-0.0740716214678
53,-0.422128577821,-0.293424427906,-0.216024291772,10000,69,-0.0626538075365,0.259551951892,-0.0901392487385,2.09213292574,-0.389800215752,1.76701245849,0.730931394318,0.410275427538,0.703440316341,0.92254505902,1.28084130276,1.10756559337,0.403189172249,-2.09534614472,-0.638165074796,-1.38848081577,0.477754768963,-0.376840581582,0.77089117492,-0.793581352506,-1.02547607641,1.01996911434,0.578987974782,0.139264340249,-0.944621118602,-0.365751144712,-0.982945402322,-0.618171012085,0.407355807826,1.04877277544,-0.414924087464,0.243549811644
54,0.111254488516,0.626572986029,-1.3857825616,10000,96,-0.426677391807,-0.163903471807,-0.48049318754,-0.478128619177,-0.176285465544,-0.338269317541,0.132332108931,1.66289408568,-0.945166656649,-0.20169338875,-0.0906631735413,-0.00488014299522,-0.267791716336,-0.358963948425,-0.227014338086,-0.881868562943,-0.996357912847,-0.866014804183,-0.378809642907,1.46772611707,-0.877808648995,0.52586471579,-0.0279545688946,-1.28486625535,-0.137887922145,-0.0535008197315,1.30514347377,-0.117074590469,0.434088839037,-0.85974291743,-0.0842123600971,1.12597948359
55,-0.801732181789,1.20367298985,-0.159887243888,10000,85,1.03561327898,0.203979071443,-1.7063736364,3.11228328913,1.2171531353,-0.290450586082,-0.598692612439,2.17016495675,1.84037261824,-0.0431800115874,-1.39544362197,1.10399570259,-1.19128433865,-0.367804220689,-0.360969997981,-0.228630819203,0.19760742928,0.25647671305,-1.82464253693,0.887341848323,1.20146388059,-1.58821147576,-0.674895890202,-1.2758382425,0.540141827815,2.18913070076,0.185903568209,-0.748635388521,-0.108824147148,-0.861096443118,-0.578375654838,-0.996607855039
56,-0.972909451128,2.25577245054,-0.0632888032486,10000,149,-0.250932347751,0.14781043234,0.576173725078,-0.38809794415,-1.23150396471,0.0808035575846,-0.79661057308,-0.499485559089,-0.193501223473,0.690969068398,1.51090391714,-2.3559995602,-0.95050122113,-0.00644578475559,-0.40164116767,1.60056396422,0.267027024415,0.266144936669,-2.52200138106,-0.172731819932,0.344216746266,0.0394247971059,0.346822093975,1.61255400297,-0.239884353441,-0.975380898262,0.565068484536,1.5032569258,0.312870813764,-1.59500320489,0.426647929403,-0.257124079062
57,-0.26860284693,1.48295413466,-0.51360802391,10000,375,-1.78511664383,-0.100532803312,-0.773436531813,0.128091471998,1.60449219563,-0.243668544075,-2.07084474339,0.093262063137,-1.38452969244,-0.0881648195325,-1.61819044405,-0.0334851816457,0.64608117077,-2.34827117507,0.347712141745,-0.0761839198925,-2.23326137936,0.239852350051,-2.17881573819,-0.934103538086,0.214265595299,-0.339664626278,1.18412325606,1.03297481507,-1.24855918356,-1.04176959889,0.870225569571,-0.552822393623,-0.882830680761,-0.21822099621,0.00538732019719,-0.19343763095
58,-0.0275728331696,1.42603993664,0.23582127038,10000,503,-0.483002008076,-0.325880548338,-0.142978551854,0.442638565261,-0.144986138783,0.0643249572327,-0.907986207914,0.153461788168,-0.807342868504,1.65620086553,-0.725365830702,0.135256183958,0.466180456362,0.329636190737,1.11685574677,0.713445071945,-0.0246304741119,0.0426607579173,0.619251435399,-0.57046575287,0.77357898523,0.370809671406,-0.517004285086,0.076675726246,2.48481458483,-2.63298810455,-0.88049322835,-0.41151967932,-0.260517721112,-1.19733002008,-0.560781721327,1.30980940245
59,-0.0605446014186,1.25835201847,-1.1724609113,10000,400,0.579649599568,-0.272405634696,-0.579888893632,2.20055603243,-0.30441267101,-0.671561593046,2.08664778307,0.796954839971,1.27222276593,1.53375986292,1.15446558337,-1.10545621407,-1.71070452067,0.802588021379,0.175365017427,-0.206601869517,1.00069670813,-0.525307396203,1.58748466712,1.76325534596,-0.669919600298,0.999477336144,1.00991090326,-1.66151313551,-0.239054391325,1.70738087238,0.764948544743,0.886249278879,1.04117321193,1.97445500702,-0.161291672531,-0.998030904221
60,-0.136983158367,1.00066183889,-0.888694271842,10000,290,-0.381678658692,-0.0945634326691,1.75800615266,1.55560446314,1.39270730505,1.61597376275,-0.220297036022,0.411942007201,-1.44497761779,0.0984269359068,1.18803630834,2.11543421547,0.500441464512,0.421929158674,0.132722017166,-0.183484680165,-0.675875233996,0.884526552543,1.62611096827,0.199975209213,0.397843392732,1.16148867086,0.0141170492091,-1.11139939014,-0.502173006319,1.19596722189,0.909307115563,-1.32009293466,0.482482752796,1.43770030022,-0.762335985348,-0.919310060976
61,-1.07607574543,-0.0456394144207,-0.32639694601,10000,265,-1.26844898527,2.40492150429,-1.60382534718,-1.32017715396,-0.367947024791,0.0105455235014,-0.370022694217,-0.677738399307,1.32028529188,0.0676867556328,-0.898174728156,1.77558706417,0.943059592616,-0.135201569321,0.590817967002,2.83085531214,-0.548294995041,-1.93731583357,0.94336834841,2.04972568706,-0.014528179777,0.359620628866,-0.947771973639,-0.653025192564,0.761895381104,-1.02024125536,0.750544873577,0.757508530615,1.27639493674,-0.562079130262,-0.116442819276,0.248068289035
62,-1.59707498152,0.00503070074614,-0.20481642864,10000,308,-0.0302673249479,-0.122596201535,-1.22159353699,0.842514556258,-0.324977991108,0.563415053043,-1.22455102965,0.821652587184,-2.24539933971,-0.801604383996,-0.843220042749,-0.411871183092,-1.82510356921,-1.53382493042,0.560152823769,0.445721283006,2.63378985328,-1.27387939917,-1.44222615608,-0.011358278525,-0.208499034948,1.4547506735,-1.19472622064,-0.480917349596,0.473685648064,0.402016252845,0.44631884354,0.357734527156,-0.452899953928,0.215025554932,-0.0145053260704,-0.571191315193
63,-1.41087694837,1.54111516349,0.0551712346566,10000,173,-0.815109051676,-0.421086355608,1.40709306851,1.35143381798,1.09647769173,-0.214706972067,1.05712922403,-0.114016811354,1.49713473474,-0.515009906703,-1.14143020282,0.795637697485,1.47460233213,-0.52035640341,1.41365178408,1.02012734671,0.505276945518,-1.58797108655,-1.18196010841,0.0731636733985,-1.59328918714,1.05757383552,-0.624020772519,-0.5640922666,-0.0775757570664,-0.691649424021,-1.29203949695,0.675322186768,1.61191861793,-0.0591952600291,-0.562719188543,-0.285632149798
64,-0.571176030458,1.25853659291,-0.649602510754,10000,366,0.225351179343,-0.608686247229,-1.59208532405,-0.308528808409,0.0239948262026,-1.08329892625,1.29397568124,-0.910035566924,-0.512187909491,-0.782942426527,1.80893695128,1.56263245874,-1.01054313678,-0.203707441371,-1.77850599992,-1.23828136768,0.860487166391,1.4242402895,-0.0243809893429,-0.718340652672,-0.178239596576,-0.32179002062,-0.545961050349,-0.975309959803,0.636002327572,-0.0600580167476,0.282210963213,0.789589775223,0.315904232211,0.346785952152,-2.06990437936,-0.130482411842
65,-0.781100412402,0.401431736183,-0.306118797455,10000,386,-0.649214023485,-0.308109440711,0.401388862142,0.672689868804,-1.6235696609,1.16244469269,0.24734180334,-1.0600722336,0.963848133367,0.377026182537,0.604331589345,-0.273077483943,-0.207512408632,-0.203970175098,-0.442337754312,-1.17588335437,0.638117267022,0.392300269583,-0.757979213462,-1.88812207272,0.392535783466,0.621234326344,-0.735916573176,-0.545039404111,-1.47517226422,0.214729171554,0.242593106973,-1.97221784409,1.24511484461,-0.823445392209,-2.00998028921,0.777466462596
66,-0.507571567287,-0.0184798519702,0.24489338834,10000,260,-1.75114165261,-0.680941850881,1.04591544246,-1.30875143803,0.597647414233,0.897177922262,0.0203764954904,0.433637941686,-1.09058809198,-1.02855681219,1.54111905564,-1.16043778181,0.575693036221,-0.263609158742,0.283145972317,-0.802374869001,-0.0294586286305,-0.634465441264,-1.9872934058,-1.48953947215,0.150036054213,0.381818897603,1.43273717788,-0.27982357469,-0.0190430565841,-0.0696647946103,0.22920771627,0.289074408557,1.1535735648,0.510970669695,0.973843237787,-0.894986254508
67,0.198066108077,0.271204841559,0.870417504061,10000,508,0.256518584265,1.81245332019,1.04782658065,0.592096719866,1.32949185224,0.0401935606242,1.33993338708,-0.769404084446,1.70922666383,0.95652495209,-0.986906076693,-0.715495794478,-0.885607886642,-0.592972501889,-0.307590108492,1.10610597851,1.94482318544,0.904821325998,-0.512524912985,0.634663923798,0.834200127531,0.916656798236,-0.806403714909,-0.457589391132,-0.3466421091,-0.270321725342,-0.969116771603,-0.450458883092,-0.878853645243,2.16756677629,-0.193939021521,0.363737316483
68,0.638472475515,0.117745753453,1.20900638394,10000,472,-0.821389948128,-0.0542440310194,-0.594975259245,-0.874157251389,0.767079763785,-0.110714143719,-0.462239014673,0.363458289961,0.564331599984,-1.4921226969,-0.279265934938,-0.470320655463,0.207981202505,-2.34265992528,0.146274960656,0.770328827163,-0.689646349767,0.924926786806,-0.985372281315,-1.28716797786,0.0191963700675,0.712488516427,1.15969343681,-0.010265410647,1.00813841909,0.936483955991,1.27253546816,-0.237389219628,2.38141576676,-1.67001029522,-0.475353775158,3.30438743958
69,0.152985420132,-0.280110282116,0.496094438709,10000,249,-0.279715196089,-0.12381156045,0.727054638392,0.220664360611,-0.877450499074,0.280765825599,-0.112713737353,0.715155953159,0.359051000467,-0.828213801361,1.24527262869,-0.172835317267,1.39882869751,0.233493570838,-0.806465104897,0.366970818347,-0.910658414232,0.490345511213,-1.80514538791,1.65028342829,2.14393928775,-1.44668886152,0.117170557546,0.914867924216,-0.898077492197,1.95393876699,-0.292401655066,0.339063805542,0.96507710181,-0.655659868023,0.2187960451,0.883826686983
70,-0.272295935277,-0.165163062274,-0.291859215915,10000,110,0.456035337388,0.596154693281,1.14047283518,-0.525505595004,-0.530987285477,0.944183613314,-0.0962079716215,1.82863588968,0.20833631962,1.12330248105,-0.80756487839,0.0938576842969,-0.511222900497,-0.253792717699,-0.4710380919,-0.406187040681,1.35228842183,1.57731291401,-0.103110817047,-2.20198387038,-1.08349649391,0.159074582122,-0.247177546043,-0.211363506591,1.49590902054,1.38172740544,-0.931719070788,-1.35659060597,0.112953678292,0.163572134872,0.0486655103508,-0.0799927840387
71,-0.394703831067,-0.272968544598,0.473791091198,10000,85,-0.600046286333,-1.24524774552,-0.54054294596,-0.770156106598,1.18577772965,1.33627459091,-0.63599750732,0.46302249218,1.79073951652,2.1070358733,1.50151880627,-1.27137402931,0.953211436446,0.0315070026892,-0.287496382197,-1.83652180643,-0.757089303667,0.757007526354,0.649917812487,-0.625445253043,0.294501951262,0.658182261384,1.28809111397,0.0866414073286,0.0106015264446,-0.253932435204,-0.311983601193,-1.11951947697,-0.194368991558,0.761285770578,0.384530892915,1.69336405581
72,-1.30744970363,-0.275583402978,-0.986124654334,10000,108,-0.522100694983,-1.17298929595,-1.40691175905,0.453637060023,1.75992476048,1.24192568793,0.209036872089,0.866296923237,-0.442908950581,-2.16683477172,-0.552735174096,-0.599377535446,0.105825202038,0.338919240312,1.29847770456,-0.0899423959764,1.36708924245,0.631283958754,-0.80394011035,-0.391722034987,-0.324660346981,0.488840581236,-1.83027953596,0.5522754014,0.370847954861,-0.178888685402,0.273805154211,0.769223487271,-0.252149365455,-1.58806356146,0.20214694187,0.167672694754
73,-0.828092867511,-0.607292300367,-1.35911821675,10000,112,0.223343610615,-0.755195855994,-1.90764030397,1.62912451865,0.932783303368,0.445925092149,0.315052244521,0.377206840227,-1.59611917725,0.165651973802,-0.712386253003,0.384585245588,1.08427818603,-0.655321793739,-2.5797611809,0.80617134199,-0.0396822009116,-0.632212289798,0.135718841306,0.928094113978,-0.438848572937,1.11689437442,0.192367347956,0.336776784673,1.18712326166,-1.17553029497,-1.56845377074,-0.0535816021436,0.422572524922,-0.503403616555,1.35655066201,-0.534226489507
74,-1.06239480441,-0.433697422362,-1.10088667007,10000,132,1.57120980912,-0.649720587613,-0.228610977357,-0.941981395475,-0.772849866565,0.604998881633,0.849414588926,1.26761675261,-0.257859975202,-0.395223294741,-1.18894103458,1.71222255479,-0.310460531504,-0.00138293570523,0.916241116806,-0.737393923314,-1.45779443908,-0.726142686535,-0.0624119467064,1.41092513558,1.7323558049,1.98619392434,0.322789911609,-0.450436367161,-0.112383027649,1.66802011311,-0.170579743448,-0.714128826763,1.09449555439,-0.668430491436,0.0363645511454,-0.155828626443
75,-1.45711957668,-1.00274318557,-0.0615492470978,10000,112,-1.70211981306,-2.57054440132,1.54537905208,1.81529000612,-1.69627825231,2.44458154446,2.6043117102,-0.714200167383,0.37273302538,0.0703908795022,-1.89640754648,-0.185670761759,-1.34233914983,-0.473640623534,-1.20065127059,1.18167015604,1.03806550196,-0.59492678224,1.89727948656,-0.914939003006,2.08458404055,0.974547914715,0.812565987938,0.472107929867,-0.855559180098,-1.03030603606,-1.11857632471,-0.978497693375,-0.808419329258,-1.3195849155,2.3071961423,-0.188602676447
76,0.428949715991,-0.658469894443,0.088132608082,10000,149,-0.379899004375,-0.891406326488,1.03477995674,-0.260254227965,-0.87193154329,0.51339520754,0.96593955415,0.372502391117,0.677933857441,1.47393750312,0.930953721798,-0.569174139082,-0.739090988635,-1.74485440172,1.76113038122,0.222201565777,0.0767553629247,1.10012901748,0.656094367531,-0.107042107319,-0.280005716164,0.246177578677,-0.712229441373,1.26366549173,0.174378137509,1.11930032596,-0.0715340894576,-0.397045900958,-1.12852358351,-2.31702931071,-1.14561385809,-0.581230455841
77,-0.113497441198,-0.49353928523,-0.555561031415,10000,204,0.548654820571,0.0341665163637,0.800106138441,0.25727796364,0.495618783609,-0.253142138037,1.25534408894,-1.01189562179,-0.424470963216,-0.331098289599,0.821067171673,-0.0831508557275,0.072890232247,-1.50422080504,-0.913303590293,1.13747604962,-0.34984336274,0.153765881558,1.15040378622,-0.0503748230863,-1.80761547106,-0.395589195157,-1.13103044227,-0.202247907866,-0.0105533287659,1.73959505191,-1.76116621264,0.66561704011,-0.274335173713,-0.229960392258,-0.593785380913,0.838706492983
78,-0.614552702816,0.091243948792,-0.0926396153357,10000,109,0.356829894337,-0.730265946684,-2.43630039271,1.15338188506,-0.401278541439,1.32933642919,-0.561164796563,-0.481389992705,0.932907699432,1.33380302277,0.379627521551,-1.43019623373,-1.12405476203,-0.576733735505,-0.37116071304,0.215822407284,0.581503437684,0.6427921673,-0.0953651176079,0.392541189854,0.517202557134,-1.7248206128,-1.77867515417,0.937741384143,-0.345508776351,-0.0657124944225,-0.00785928177147,0.719854183036,-2.01858122617,-0.349218352887,1.82640252099,-0.104057457479
79,-1.01171527894,0.871965019866,-0.0619306212635,10000,125,0.959169488469,-0.453509708749,0.283842745752,2.24843510535,-1.07486213556,-1.62140614382,-0.952864266609,0.204154338485,-2.02309994252,0.210912591271,0.102425633546,-0.355686646554,-2.31232547858,0.492184819236,-0.906461610479,-0.945031447541,-1.23352667368,-1.7542737494,0.687116074712,-1.95993421769,-0.385039570968,-0.342053149465,-0.390825450526,0.493743930902,0.167199748166,-0.482844139976,-0.926357932172,0.297682917437,2.20082133496,-1.50908341781,0.764716186047,-0.52586102118
80,-0.623386122425,2.07158966986,-0.903188400806,10000,191,-1.1743180599,-0.512875430483,-2.14883834387,0.843433386775,-1.0954265366,-0.868186590858,0.504857629056,1.61359311906,1.48108724413,-2.2254977424,-1.41324766346,-0.0221494997457,0.15928569161,1.02263002471,-0.180060741211,0.375897678339,-0.177001910617,1.20201940462,0.429361700624,-0.149289827134,-0.254778303773,-2.3584718791,1.29525974954,-1.19635847959,-0.101641192792,0.581297800459,-2.02228745097,0.418079115803,-0.789973336116,0.0479836300903,-0.318900281845,0.694389569568
81,-1.29845689807,0.720530018769,-0.282496436927,10000,415,-1.89700011338,-0.823331374786,-1.24824507756,-0.306808411474,0.182616875624,0.991791739258,0.21848426706,0.744559365468,0.258540847501,1.1841157101,-0.635782100637,0.479246600913,-0.159721419873,-1.51552710105,1.14256632435,0.564302979297,-0.633808053597,-0.970453617782,-1.70665281082,0.0271684808111,-0.362544411669,-0.299645057818,0.578800878001,-0.609780164306,0.149170759912,-1.04927060398,-0.0620920204435,-0.583001367009,0.743577960734,1.02889610173,-0.358722509577,0.59488551328
82,-1.36207116819,1.53853297008,-1.24316728351,10000,413,-0.263126711879,-1.7261351296,0.121849346679,-0.391031609688,0.296933513502,-2.24645455544,-0.741490788151,0.240697255439,-0.762020300299,-0.594200094533,0.1144445702,-0.427562857993,-1.42660320814,1.1328480091,-1.74858618412,-0.487563027615,-2.31698516157,0.0789824466367,0.162392910394,-1.14139633593,-0.496875678973,1.37442256232,0.65804161039,0.27509882737,-2.49260395753,-0.733187169872,-0.39343263098,1.58080285561,1.64966155337,-1.20938587175,0.983206040996,-0.669181589984
83,-1.54223124836,1.50725875713,0.376146143357,10000,435,-1.99659933773,1.57816970452,0.019829264687,-0.357445747817,-1.07832324012,0.678850839704,0.252396782722,0.549309727208,0.251853558166,0.465786609317,-1.20342968888,0.227221672836,1.05928932756,-0.43129230209,-0.497196176097,0.344220900604,1.98189701572,-1.3919254081,-0.067161408987,0.453987469549,-1.3007722464,-0.462784272118,-0.205874617926,-0.460807749083,1.59972938298,-0.398405717366,-1.30167527436,-1.16685849409,-0.785722784848,-1.65661105418,1.07303812869,1.29955154212
84,0.226476270397,0.841970104694,1.20645325749,10000,502,-0.481739258989,-0.560762407787,-0.983389242998,0.0216691088809,0.37091856374,-1.08871482152,-0.00153470193358,-1.66293769106,-0.257783054529,-0.178797664684,0.913359272722,-0.531530408794,-2.11041715893,0.645411662198,0.0520094787379,1.95189834839,-0.268685914725,-0.242156001283,-0.144653946221,1.74768662911,-0.657150379374,-0.584090964798,-0.218326997626,-0.192044231893,0.320186422795,-0.00949482525029,-0.982338589586,1.3078849182,-0.528275846758,-1.50848820878,-1.77327988177,-0.186779981201
85,1.09360769363,0.773346548486,0.667906272222,10000,631,1.74375190067,-0.715291512963,0.309639082199,0.747793056361,-0.139877988022,0.74778684724,-0.219425242283,0.208459510397,-0.944156879309,1.3052549397,-0.693931162961,-1.25990197256,0.865877252024,1.01347261792,-0.735802276891,0.707396192348,0.567429811965,-1.08701081917,0.100367845534,0.795697094399,0.805040322566,-1.13029341079,0.0128559650058,-0.351130175707,-0.151865159562,-2.39379116912,-1.01332360087,-0.102580325627,0.337005506737,-1.40277864178,0.519734576855,0.264401038624
86,0.0275848833912,1.51418501037,0.173036160614,10000,368,1.04397256608,-0.557513629143,-1.20906684072,0.389571454099,1.65751993689,0.591321124749,-0.688868129859,1.42028888573,0.504888475566,-0.478550178203,-0.603883938305,-0.160769967363,0.935972320287,-1.37495878235,0.0811243752956,-0.835739617553,-1.96721339945,0.108744322457,-0.88668890755,0.299223209859,0.0459014168506,1.57310872802,-1.31792085463,0.910022548291,-0.0558987932032,0.514847785317,0.0115572938041,0.440681326553,-0.477599372768,-1.01296386466,-0.568578760757,-1.58551190262
87,0.0988974913159,0.691331145807,-0.133756265232,10000,159,-0.430088047152,-0.177445888137,0.20360658191,-0.39391317483,-0.0631870700256,0.188967385134,0.617884708826,0.614224800517,-0.11549804,0.28259749108,0.0279878053324,-0.730321071234,1.0590068811,-0.773260925458,-0.501568860105,-0.753861920023,-0.54700702997,-0.569842913144,1.76864073828,0.833552232274,0.220555261836,0.347504687801,0.832752158621,0.462670355155,0.745142953324,1.18002865747,1.32052800401,1.36311171472,1.71482413198,1.84039992071,2.04248686454,-1.20551684294
88,-0.407993445725,-0.0254323225421,-0.83155775201,10000,105,-1.90870232237,-0.971927083382,0.152486499552,1.28272357421,0.940757125825,-0.239273921609,-0.0985407903465,-0.557114064796,-0.463823497981,0.67300960607,0.357776702425,0.388333704957,-0.288132620689,2.42754645699,-1.64211649701,0.270888713738,-0.303137806599,-0.198638311041,1.0409639584,-2.72700585651,-1.19472636675,0.398514036502,-1.1109479412,0.0599753501475,-0.657285993262,0.126396609567,-1.97121358642,-1.10048628791,-0.585632261317,-1.05828272057,0.852175596511,0.117636888694
89,-0.543397723763,0.721322555529,0.165900343499,10000,92,-1.3643455228,-1.49547512663,-0.93578707977,0.904209991824,1.05450904026,-0.123539278172,-0.341409298065,-0.943840589543,0.934387236834,0.299184742179,1.44187299581,2.67797988274,-0.397352012911,0.62537792513,0.0267151569929,0.565730866843,-0.628731960054,0.60316800644,-0.0227273834802,0.537143677842,-0.571981647774,0.0954188316309,-1.07090325407,0.863132099524,-0.569536764412,-0.626653912939,2.54040825458,-1.43456039862,-0.95358090543,-1.21705695829,0.00175290996546,-0.235216704586
90,-0.5656598798,-0.471876902467,-0.321525497572,10000,153,0.145658388791,0.14066568129,-1.47489737017,2.14419743851,-0.431329233394,-0.194710158522,-0.23520786954,0.0460187793073,-1.43992654179,1.60383953417,-0.24893900543,1.74053674775,-0.360111961855,-0.320624791778,-3.00814915792,-2.8151878197,-0.482888678411,0.981055426097,0.471304629829,0.937257557229,0.205997943962,-0.0184777566972,-0.456207606468,0.913256228467,0.799036980977,0.133086367393,1.31930882493,0.264330234836,1.13908229663,1.38268697929,0.986333522145,1.07075301086
91,0.713855631037,-0.63656284057,-1.00672146668,10000,115,0.0762082905301,-0.797248327639,1.94748420688,-1.28026539542,0.58005317912,-1.45505628954,0.365797592552,0.097089394007,-0.77095890093,-0.933409419157,-1.09169628887,-1.0494348667,0.566067463624,-1.27213035017,2.02014999055,0.594497794256,1.62754162446,-0.171152338983,1.87868064438,-1.55073270247,0.311582094376,1.20298960272,0.47756047951,-0.565378992555,-0.999409218856,-1.60265705628,-0.383443002868,0.88149376009,0.0459102060165,-1.01014110541,0.631290780206,-2.06323336224
92,-0.508231514221,-0.603757323012,-1.32295985153,10000,105,-0.557870360436,-1.41331168942,-1.1402480147,-1.07983443729,-0.360721244141,-0.513470575602,0.174123475209,-1.2075800412,-0.657330000117,0.561099659518,-0.918247389207,-0.157988022882,0.360754386479,-0.774578662239,0.212411778568,-1.16817943937,0.241854034623,-1.97869617318,1.5184363277,-1.75211848988,1.08034226758,0.871582010584,0.121288734922,-0.913131198639,0.0138724121746,1.15048917484,-0.483762563181,-1.31262427586,0.0664464598588,0.615773202713,1.30248167804,0.539201620603
93,-0.323809132321,-1.7606691525,-1.0563772343,10000,68,-1.40268920643,0.47424764448,-1.06178632413,-0.0615132507479,-1.59813409283,1.68435781685,0.116809383934,-0.305978053018,0.207920701005,1.1262688626,-0.980029597997,-0.518867995963,-1.17755491202,1.17710084036,0.734787505739,-0.85919351843,1.14534226189,-0.220584754205,-1.6101820704,-1.80984955284,2.24301280956,0.559505444984,0.895487137061,-0.709877646718,0.782958743985,0.639489771781,-0.309616489399,-0.548355760223,1.16710518974,0.180864670137,-1.03362952282,0.225152822729
94,0.0902687583669,-1.62599137843,-0.657882577623,10000,44,1.04492365434,0.58473988769,1.49871024875,-0.413816693128,0.44272768764,-0.674319030987,-1.08489945334,-0.863690011716,1.05295157883,-0.613944615004,0.963947778924,0.0516578656822,-0.263076458126,-1.78262204152,-0.0456509973192,1.17374290544,0.972341166629,-1.07109029132,1.29855044861,1.91615470289,-0.906967243507,-0.789909571389,-0.949159229346,-2.18667161676,-2.66231199356,-1.78703253794,0.17773699491,-0.0666043726064,0.296627330993,-1.72401783678,-0.759276870069,0.020736581268
95,0.16716175835,-0.47399348185,-0.0843074462884,10000,40,2.13054872326,0.978291210692,0.690010878211,-0.524038734083,1.15661242761,0.441539808066,0.262132315003,-0.0833927590248,1.78112296455,2.32149111924,2.27136064366,0.355437296523,0.0204878852027,-1.99405312144,0.651091476866,0.630557026503,1.65636418454,-0.292910983858,1.76313804672,0.243509672682,-0.176685617131,0.23253477679,1.07631284969,0.0497520203714,-1.37991544828,0.408919716926,0.0688829553013,0.0440543360323,0.605697231635,-2.23207935374,0.886007549362,-0.063428734629
96,0.0749180023367,-0.543916458006,-1.47152192585,10000,39,0.506313652604,2.25068259254,0.288248477162,-1.11844952702,-0.893723189357,-1.169131145,-0.42445827836,0.333546229863,0.267676202004,-1.03369778083,1.68830519735,-0.427047147772,0.56521010861,0.799201880354,0.335397462789,0.211817540511,0.426388804785,-0.145388183571,-0.789555734337,-2.21385960882,-1.06109890157,-0.276124999695,-0.890942776466,-0.816584790206,-0.534276249655,-1.44104457883,0.135776205661,-1.18054685008,-0.41516321378,0.692557256586,-0.136483355525,0.23232185819
97,0.62232737369,0.557279524435,-0.219908158371,10000,36,1.71590961682,0.356142048925,1.11363425429,0.79480023135,-0.0213795630973,0.390474965396,0.583662788671,-0.86982323393,-0.0654432382097,0.10324522153,0.446428683853,1.63079801752,0.258089420843,1.37219838769,2.13096312888,1.21101687428,-1.88796560765,0.79529108434,0.152710403394,-0.293770626488,-1.19814781177,0.553601087603,-0.936932903585,-0.951299356242,0.167177783989,0.547721393141,-1.17077166552,-1.14734010507,-0.699834188152,0.496360483884,-0.353756059424,-0.255693595483
98,-0.268800398887,0.392747397609,0.470037643512,10000,70,0.278372064225,-0.0385454962899,1.57723909526,-2.70227485856,0.176211786555,-0.487554490005,-1.31894478543,1.89899409858,0.708001592067,-0.338856724186,0.358465423235,0.381823856028,-0.975048772095,-0.499501222639,0.709718116836,-0.289072012361,-1.13168426747,1.06609135806,0.528555526109,1.03747773267,3.16391245499,-1.73835529554,0.188434891515,-2.11527524128,0.969938626133,-0.236695279296,0.702074271016,-1.72402114075,0.388604298761,-0.218644928071,0.00786272846423,-0.325843021124
99,-1.10835197775,-0.162383571781,-0.594765616272,10000,68,-0.461132294924,0.610812087204,-0.165720250248,1.10700364925,-0.799245074899,-0.410824131195,-0.55434378337,-1.22629729514,0.184562589648,-1.01693858804,1.57662014354,0.893695872874,1.15735930478,0.347727105384,0.579858387349,-2.06266911049,-0.366894835474,-0.553564965282,0.30407389232,0.150760504255,-0.453561104969,0.284285163337,-0.206254210939,-0.250329364364,-1.15257439918,-0.337718878196,0.996530064,0.0563818695942,1.49977681345,-1.22065403095,-0.170959660005,-0.780826745157
100,-0.434757540535,0.0870485556893,0.0600274212306,10000,65,-0.865336340647,-0.480442384657,-0.281144141619,-0.674217427107,-0.244425480275,1.44956314842,0.904268124206,0.0827214618508,-0.349137515943,1.10227758551,-0.528739265835,0.516630681467,0.441427203039,-1.4734304418,0.734325331131,0.0680296300539,-0.410673467222,-0.0244430910079,-0.587851652361,2.79005164257,1.91296143748,-1.07042119093,-0.306260126408,0.65061529837,-1.21662549791,-0.305314073326,-0.111628258169,-0.299884853651,0.93185695254,0.0499144492609,0.775379844272,-0.189755507818
101,-0.523042129858,-0.673192902139,0.336344898176,10000,158,-0.398317500966,-1.07925012785,1.43526328282,-1.08494394156,-0.338546560293,0.699245898666,0.00354499884891,-0.893561634698,-0.281279354064,0.0162272480601,0.342773238512,0.647577281914,-0.228008189581,-0.982206539924,-1.06913132743,-1.05634614553,-1.75978791042,0.501553466024,0.821964269641,-0.353604298532,-0.534606150369,0.317916585946,-0.724195020398,1.72751684967,1.32602113236,1.77312451238,-0.868287508679,-0.146212669786,0.587792514517,-0.921167003537,-1.52391951216,-1.42125455948
102,-1.01285051516,-0.52681406882,0.508842665734,10000,112,-2.53363394046,0.0688484688776,0.868015013064,1.44396052329,-0.010741317024,-1.64918379297,0.798845994307,-0.439949268855,-0.358127571082,-0.70324391929,-0.95057551688,-0.278410789986,-0.423334834274,1.7868694411,1.316704559,0.81791095127,-0.532252285729,0.297479018579,0.408230178477,0.353099686695,-1.57436485187,-0.222523233686,-2.17753072648,0.494789226742,0.203797699582,-0.142457041073,1.10728967906,-1.0910141483,-1.81719442414,-0.338951598528,-1.16290158764,-0.904016673537
103,-0.196305733735,-0.581259670433,0.534136593402,10000,142,-0.822104332898,-0.273510247081,0.0215522438705,-0.34604826272,0.497721540529,-1.34825309968,0.759530528411,-1.26205737894,0.165183175255,0.0527867534602,-1.07319142391,-0.291480393503,-1.27145374222,0.127377790221,-0.950822821738,-0.393774423672,0.0255442176738,-1.12232785978,-0.0603483571598,0.277199408872,0.15138146578,-0.884601807986,0.158209131769,-0.0911304548561,-1.0166134433,1.49892232617,0.023164199496,1.96058459583,0.391918119068,-0.273565793569,0.0343014840745,1.46205311245
104,-0.674641979904,-0.642070976194,0.273341220499,10000,148,-1.30216410447,-0.197638826653,3.04949804597,0.492616274039,-1.33779757294,-0.392638658638,-0.675852541305,-0.460372579428,0.451289093177,0.725305911706,-1.55313502628,2.20391564624,0.302810726146,0.606603696278,1.14564833154,-0.780635603082,1.02646839228,0.284737257137,-0.103129831114,-0.819457790128,0.451696222354,-1.6393093476,0.784578468182,0.415651027304,0.977582194599,-0.607624121996,0.224035462121,0.380223595261,-0.28424467378,-1.37703435728,0.276532459267,0.249408370849
105,-0.748392422528,-0.86674499147,-0.304184373845,10000,106,0.166840245292,0.19018765416,-0.0883932215464,-0.997750685825,0.362039361833,-0.305179487002,-3.09732556335,0.920623058567,0.700077868355,0.468001647713,-0.0275116534799,-0.813619924262,0.281536189519,0.743232358114,0.374919505055,-0.364639865476,0.195560677599,-0.27099422879,1.28891550141,0.697130989834,0.671505399997,0.978247421765,-0.40105322973,-0.16212903802,0.904340709102,0.827732219347,0.0766606831973,0.700482158624,-0.60190336086,0.259561270503,-0.48870804982,0.155058942855
106,0.231833969235,-0.139578224428,0.0463955449155,10000,98,-0.160290004948,1.40842510181,-0.0492112546765,0.831228016232,0.103232568129,2.20397612778,-0.547666173888,0.946676347423,-0.0979350188787,-0.253385591571,-0.45665414086,1.363541624,1.05964988486,0.1351367487,-0.536907285333,-0.853171849149,-0.379257475534,1.37194983745,2.16124419873,1.00459671388,-0.678813829685,0.241975135614,1.47416914735,-1.0112354069,1.28290302932,-0.182192780711,0.276011977394,-0.964130331728,-2.90461448067,1.90953615376,-0.684186796075,-3.13034062945
107,1.27293863659,0.259489114623,0.580155998347,10000,178,-0.992974168524,-1.12336479794,-1.73459987725,-0.890077316448,-0.327043110413,1.35903098752,-0.24307253055,-0.0740495130482,-1.35098641975,1.57542221244,0.38962445802,1.60696732096,-0.665134178181,0.73707262764,-0.129928490258,0.597097766489,-0.870980065801,-0.864285188143,0.249824701623,1.41063192135,-0.311457554997,-1.03042993662,-0.129288567535,-0.254263038988,1.37747552737,-0.431289624904,-1.60622293348,0.191253049392,-0.332734246992,0.210931600214,-1.37228276627,0.182982291675
108,0.811724768892,0.703559405346,1.13272981257,10000,150,-0.0740604450784,-1.28221889538,-0.740016129417,-1.26875589756,0.737047407806,-0.345930451903,0.474597861141,1.68392629823,-0.1194702183,1.52336742778,-0.114369268496,-0.287338859979,-0.0298645403558,0.676413047547,1.30825601122,-0.253276372519,-0.792911207376,-1.08262317749,-0.298441719972,0.704844951659,0.0863846823288,-0.502604541819,-1.13095521629,1.01596302108,1.79194100365,-0.645866166583,-0.0737753297619,-0.501965566685,-0.999827180485,-1.42554508824,0.951912620097,0.16288343671
109,-0.940417507665,0.759635276135,0.689950628604,10000,81,1.66106786757,-0.10347703698,1.07669495032,0.113025590523,0.105917096192,0.21798942521,0.967119612681,0.730017666279,1.52708785817,0.86729785848,-2.78758620312,0.890029916346,0.229006582332,-1.69072429359,1.03730483988,1.91759449101,0.249702502103,0.812686757654,1.43804428791,0.74138328175,0.575761381981,-0.197657484687,-1.10103556852,0.737780924068,1.9722575879,0.0972488132545,-1.58667492937,-0.810253884264,2.0436354178,0.275220702044,-0.997297428326,-1.02093214364
110,-1.01221855001,0.423178182459,-0.245832967119,10000,65,1.61234890783,-0.631691037566,0.136177009988,1.37819318418,0.547430427657,0.596599605933,0.209200925927,0.0209338627295,-1.56313315727,-0.498631712107,0.488236702373,-0.682705437188,0.483011452773,0.5898383163,0.711473259931,-0.402995224424,-0.0633129102707,1.69056415481,-1.40450000444,-1.04762970958,-0.450430274919,1.1218380851,0.755688484399,-1.59482036932,1.49527242793,1.99337123448,0.803759840294,-1.08236047769,-1.16751390339,1.21975647518,0.787032270391,-1.57260922889
111,1.0027004066,-0.838676571498,-0.491462433286,10000,159,-0.633447910871,2.43820350887,-0.37224716205,0.237392710094,2.21564086334,1.16935630243,-0.0311302105557,0.0281828452094,0.0604009802365,-0.109325021986,-0.0767021213916,-1.08222020879,2.15927682041,0.131937538201,-1.38279571363,-0.189591815897,1.07541126973,0.697910187036,-0.571380822972,1.16642092708,-0.0490027159505,-0.677306129715,0.197521072586,-1.25098251027,0.927338816786,1.45279844906,0.579984234992,-0.229008308659,-0.210952056925,0.694610512214,-0.162804443825,-0.593868939053
112,1.3197592182,-0.837390661629,-0.899367293737,10000,117,-1.67846452211,0.608634077619,-0.146386842641,2.91916739268,-0.692549885342,1.3797452709,-0.810611344277,-0.428971528284,-0.258962672412,-0.750028957841,-0.0850634161923,0.612608790909,0.305476093469,-0.521984482275,-1.64136226203,-0.755274518306,0.460713068901,2.04053612111,-1.09312502487,0.84258137576,-1.02171064572,2.24585193984,-0.539246866408,0.544660824983,-0.803353964771,-1.59547829035,0.496422910573,-0.693593219537,-0.69244298798,-0.490205745251,0.654189691545,0.237723487745
113,0.366715863691,-0.871954181091,0.748079669402,10000,47,0.495731693947,-0.584164084919,1.10472927966,-1.63681258858,-0.455446812038,2.57632945598,-0.72589632806,1.40052695082,-1.09468015454,0.0379859634204,-0.252120720162,0.39571986733,-0.7542819614,-1.42206466052,-1.04594152583,-0.267954699476,0.0123850023831,-0.321182605163,-0.469358505351,0.586804914696,1.3267047338,0.00753608725362,-0.168654977734,1.18671014,1.25025561429,-0.293474898557,-1.29920237705,-2.52000136955,0.867665303305,1.26208582324,-1.43824411408,-1.4019049863
114,0.0826646630093,-0.379391434806,0.0659850088026,10000,51,-0.516644530996,0.0174549796569,1.01789305793,-0.0868262465925,-0.201280795634,-0.0518587573828,-0.692053925447,1.34792416809,-0.950983098343,0.834139493317,1.23748809218,-1.16758048649,-0.37908296764,1.0434407032,-0.240588028223,0.743700388926,0.375991370206,-2.42581870007,0.0500863446522,0.512085617977,0.109557368857,-2.4467679192,0.657060063846,0.643779104289,0.480979985927,1.06983147625,1.03207492648,-1.06756374943,-1.28035502834,2.12982393803,0.469965902791,0.505758772292
115,-0.396031576377,0.796899270885,-0.159818229434,10000,79,1.04830821108,0.601428747754,1.83430892892,-0.530145038724,-0.895909592583,0.216430595296,1.33193599532,-0.41606267738,0.599046171502,-0.168114150316,-0.133229689714,-0.914886329344,0.515368521577,-0.191597438003,1.8308513178,0.248487572154,0.188462699794,-0.249544017792,0.13043804768,1.24385402727,1.11499694161,0.656979489011,0.0122688912427,-1.44697698838,-1.30770499991,1.93990231497,0.971712064405,0.0814475471197,-0.163317294794,-2.2304159313,0.41962800599,-0.346447497066
116,-0.294551481985,1.06929123359,0.463042730148,10000,136,1.06384393225,-0.875214821973,-0.952535316952,-0.141771337875,-0.716725758805,1.79499215851,-2.02969327073,-0.69479898604,0.939497178625,-1.28910855389,-1.97253269936,0.242345340573,0.682717947048,0.084243072457,-1.05464720543,-0.0468714312497,0.951653450003,0.0169981668805,0.141248203833,0.666096225181,-0.879090984769,-0.144958678876,-0.371714500144,0.287898841318,0.112473919533,-1.26118135392,-1.23573666434,0.870501236068,1.26408683786,1.20524381188,-0.0393136818521,-0.443720430765
117,-1.41865588397,0.831625602501,0.124967102448,10000,168,0.422556428587,1.1812467568,-0.367326978114,-0.442514319373,-1.50983040264,1.58214696512,0.754797270189,0.956199587424,1.77188072125,-0.677755176331,0.0750593820165,0.363987475234,-0.614667005345,-0.443527340138,0.636197892089,1.33359277661,1.34044127666,0.73197481236,-0.440338622906,0.578678966859,0.0373944551344,0.605787068125,-0.0707870338986,-0.217973116085,-0.709706821279,0.305492548041,1.17968308029,1.67698964678,-0.725784441967,1.2590592546,2.78148226154,-0.769265050724
118,-0.649622557754,0.467099679592,1.68237241801,10000,286,1.18955560528,0.959168968681,-0.307462626172,0.602890213589,0.405502638384,-0.650166263953,0.771630547714,0.444007216907,-1.06782873773,1.25735481422,-0.232534795743,-0.218853766994,-0.875021969478,0.995650075044,1.31735715796,0.372069367463,-0.614918376215,-0.247143595751,0.02194461171,0.990610962306,1.17247079698,-1.30793718158,0.512226504548,-0.947603989381,1.04693832401,-0.0948678920228,-0.917003370103,-0.820408476698,-1.6068548125,1.14442739469,-0.816861767457,-1.83369595379
119,-0.861741973812,-0.346409657356,0.410054510314,10000,506,-1.28742052659,-0.186881262388,-0.362689663772,-2.07760028144,0.0265805060136,0.557565713969,0.105265025269,0.239147512511,1.28230462352,0.727599071953,-0.77077612361,0.0993078089747,-0.985026309513,0.298117741923,0.639295848283,1.46878540638,0.058494686439,-2.34760157767,0.199106162856,-0.95007325157,-1.72483729568,-1.29859881191,-0.0991969092226,-1.05902520502,0.370331262006,0.0360872364192,-1.07333173092,1.49430995561,-0.568268723213,-0.130817024642,1.76430292814,0.0251146796995
120,-1.31608241999,-1.36429858415,0.149499495645,10000,371,-0.609341454399,-0.199090115732,1.78609129219,-1.43746476636,0.939269599229,0.580116744304,-0.111679663487,-0.266057542689,0.433046871266,0.820242216177,-0.965934736891,0.295743932429,0.905719480995,0.108241352164,0.453826976898,0.410086523017,-0.750666171956,-0.531502338512,0.711321365305,1.62113106425,-0.22947452247,-0.811550014522,0.531105845326,-1.01164162829,-2.18880905102,-0.144915010412,-0.713316286343,0.355809468871,0.106868203826,0.666349593821,-0.226424929029,-2.10691982279
121,-1.02702691362,-0.989634273416,-0.414756949692,10000,256,1.37378699115,-0.827432123837,-1.66039595466,0.867923204338,0.584384167942,1.7305403567,-1.76927694197,-1.4055642643,0.267513644819,-0.690575628577,-0.170668297209,-0.723919277024,2.10539239393,1.07855834254,1.97638638798,0.272244037477,-0.582892905816,-0.195826543832,1.1202930729,-0.826505376001,-0.162737672506,-0.746239947161,1.11119616941,1.5635436301,-0.852557605796,0.226491704292,-0.0604078124043,0.0570517483068,-0.41524575322,-0.648100674359,3.87145814397,0.377913039232
122,-0.410346889891,-0.0534288424717,-1.53851560699,10000,184,1.11251227563,-0.37210493016,0.517386647438,-0.0373404821298,-0.805845676996,0.693499553865,-1.20394768607,-0.415995740936,0.0591829223035,-2.33534156993,0.724283203997,-0.0749915029951,0.446698398697,-0.506729648493,0.921870632569,-0.376843159052,-1.23216756998,-0.630636488848,0.681126796872,1.46986707032,-1.560400473,1.24530819402,-1.04117784974,0.00609129606781,0.129232592137,1.47824049148,0.0487876133741,-0.217677946553,-1.16123963516,0.594785500749,1.83143843181,-2.71101874406
123,-0.0298447987876,0.0280024104957,-0.588195253353,10000,151,-0.713687506973,-3.04602223204,-1.2811000264,1.01797254777,-0.609925101052,-0.937784161671,-0.378705362556,-0.597516730559,-0.591275477953,-2.44934824466,0.495949105056,-0.489692039238,1.11312746442,0.500340611005,1.12476382012,-0.974134039815,-1.61475615676,0.103248756052,-0.833126341256,1.38351464173,-1.02094443813,0.416776402132,-1.95731145836,-0.967623444546,-1.13202523164,0.228834229761,0.0277497237724,-1.95279483338,0.0543119647607,-0.672934774567,2.66891162334,-0.884142634173
124,0.627596179562,0.22301223648,0.557969051272,10000,238,1.26938251242,1.3872478498,0.56088121138,-1.39238320578,-1.85130581828,-0.000917121730307,-1.22059757989,-0.816579834723,-0.320706436787,-0.778984202323,-0.792978902066,-0.145570368235,0.331174461639,-1.07547203245,0.230216059564,1.67106190012,-0.0319656026939,-2.5196126134,-0.492483143698,0.163257635973,0.874698021672,0.67299480145,-1.45463735297,0.31384613673,0.504415252089,-0.482824594838,-1.05064006962,-0.769393802826,1.7869951142,1.08951521657,1.44421926669,-0.109785531462
125,0.716876921615,-0.645237924927,0.467148740491,10000,400,0.0643769009425,0.977716432878,2.22446808923,0.0849194196061,0.73841158193,-0.599106251849,-0.0813524796458,0.106309972034,0.151718921582,1.66798740429,-0.692986733586,-1.80429245443,0.605848656657,0.935426214687,-0.118896305094,1.78396396804,-0.350780825968,0.250265259867,0.582113675466,1.18792896742,0.122735834881,1.44519197947,1.94195023818,-0.692717939279,-1.09170922248,-1.11405420714,-1.02968932384,0.741454770899,-0.213769689978,0.562622460631,1.80330964052,0.360467850879
126,-0.032038159549,-1.3133360423,-0.762957733889,10000,280,-0.628730514791,-1.04732106934,0.671693636084,-0.318334419882,1.08949474432,-1.27042202639,0.227437853359,0.402094968349,0.29498054388,0.505271444785,0.221577686199,1.82748761886,-0.1827797411,-1.14806135846,-0.268065041909,-1.12863487894,0.191527775526,0.237385623538,-2.19966578442,0.679444871488,1.22927303323,-0.470952855263,-0.13062698825,0.491774359481,-0.347207351113,-0.480783743216,-0.790476345731,-1.48111294573,1.4479593085,-0.52216418596,0.415267505925,0.343497029935
127,0.256734288956,-0.525932936172,-0.382106335834,10000,166,1.12869241824,-0.366591431407,-0.153632980959,0.732003051579,-0.258361378998,-0.577912036456,-1.67046607274,-1.49666532346,0.114237822861,-0.315871244576,0.950255606136,-0.568813999966,-0.31208784212,0.153478386086,1.04539412476,1.20137696399,0.462264699623,0.00823366483338,0.22225253558,0.348691825069,0.591073855787,1.71109796354,0.221226979834,-0.737343726353,1.18260175947,-1.93378951227,-0.730907633829,0.999872579989,1.068444641,0.449979051529,0.244769175877,-0.175902476505
128,0.639482086317,-0.0468017469832,-0.769401481858,10000,207,-1.48362968703,-0.0388371637858,0.0119389485323,-0.169633668018,0.201582355757,-0.465768318985,-0.494629193187,-2.47302357019,-0.0945671417533,-0.0257692673551,-0.403404681642,-1.34782399896,0.354492568018,1.95533900349,0.196652082807,0.972050494111,-1.11186711478,-0.642313723765,1.32042639954,-0.051117198358,-1.37552581222,1.44014877666,0.834131900746,-0.716008919403,0.666114629275,0.569649611223,-0.152291705335,-0.0124396093744,-0.764609944564,0.346245958041,-0.319432650715,0.243074575186
129,-0.469139708824,-0.240769551229,0.143621560916,10000,203,-0.702808588142,-2.13138854934,-2.02966425425,0.593986101544,1.97392865276,-1.38281193956,0.0236911454028,-0.93592713068,1.61811310505,-0.167114082938,0.343978479702,-0.514823399005,-0.586866154049,-0.771392430976,-1.29108317139,-0.308906161922,-0.357022464431,-3.26245709766,1.98765579722,0.18109451088,-0.147520523347,-0.759811121374,-0.116460656932,0.809553825904,0.980753228783,1.11661760059,0.589252173854,-0.0449092322455,0.677769159226,-0.486965437405,-0.420257584968,0.453010453769
130,-0.926285416608,0.105507307235,0.576062528104,10000,254,0.23459499896,1.28433015054,-0.714069362227,0.359680699791,-1.04792767872,0.81196561261,0.782235361613,-1.56753113719,-0.283015753882,0.812415214266,1.45091433913,0.708256181464,0.146215776366,0.0782066938768,2.10763270277,-0.997280538247,-0.853185230002,0.739331917102,-0.127453438811,-0.793768021438,0.99979528443,-0.449347246028,0.000222488293383,-0.792658868329,-0.464277767958,-0.24070846538,2.05190495516,1.16311784694,0.96527727831,-0.849108226761,-0.170212973941,1.20188570486
131,-0.673102857569,-0.294616031975,-0.603114854665,10000,390,-0.537197153974,2.62835399091,-0.194629569382,1.76549707901,-0.117553154812,1.93179021148,1.32769697863,-0.092543850193,3.45711153143,-1.10595692721,0.559649175337,-0.506480592182,0.78850348036,1.13817073103,-0.224631968217,1.21434184804,-0.391344132735,0.536714440788,-0.213502471846,-1.80282593656,-0.461767280872,-0.161171964933,0.442782188657,1.1713850526,-0.563598965295,-1.53957770009,-0.729543953624,-2.08558874193,0.98957544402,0.956603656937,0.460181943712,-1.02987372723
132,-0.865375561499,-0.693073982176,-0.887636489686,10000,505,0.88847285994,0.210338175131,1.08615759185,2.57356826421,-0.591353120283,0.324407275769,1.25240913335,0.605372707981,0.3501965422,-0.539117508699,-0.944136413223,0.212925680833,-0.796958762257,-1.36205096201,0.705532316268,0.348727451886,-0.614083697114,0.227841120863,-1.47740991546,-1.41340650352,0.442826245593,-0.102235412675,-0.0778107320306,-0.0816041881194,0.465434151769,0.196926825085,-0.563282229807,-0.889087991003,-0.204404603031,0.0606069879463,0.0927373688257,1.04907756046
133,-0.386998700885,-0.522308411346,-1.30899247136,10000,426,-0.691670403535,-0.781746867322,-0.434117788246,0.44551791955,-1.16937085856,0.640639289141,0.44479054521,-1.50349058795,-0.0717624503374,-0.840465704312,0.176012663619,0.924860556538,-0.0524336475162,1.82676378603,-0.0300899909104,-1.70707085251,-1.54356307078,1.57310747764,-2.03772090261,1.51428571919,-0.0185156359907,-0.600692877391,-1.12979016675,-0.711237917422,1.01013126162,1.0168371408,-1.06418641275,3.12618710653,0.765868768438,-1.23917015936,2.37520440773,-0.32669608217
134,-0.0238372818991,-0.148565795612,-1.55153433059,10000,431,0.425168122197,-1.11531834927,1.42031679724,1.4002940319,1.14659823966,-1.62378254203,-1.27185367216,0.686054396854,0.394968066549,-0.334606357268,1.02224325122,1.13335088018,-0.693193960684,-0.958499334429,0.69780087588,-0.669945310156,0.0186869315317,-0.933703589328,0.361155983769,-0.65592882591,-0.674920704154,-0.0329773161167,-1.58171680979,0.859745255201,1.09810999529,-0.476466860923,0.516167638757,1.574716503,-0.349175726963,-0.184316686204,0.861643116874,-1.20351780657
135,-0.706740455492,0.0167591412029,-0.322863468266,10000,352,0.910975447881,-1.44091413843,0.0509190198438,1.24504878724,0.0625278388487,-0.421834707152,1.17556892423,2.10398348222,-1.22114681053,-0.199263488231,-0.120088885706,-0.734409716027,1.00718923274,-1.27745298829,-0.436574920524,1.39445967504,0.691566615228,-1.37548520315,0.114690942485,1.35716431192,-1.20878674091,-1.16349117768,-0.61736599468,-0.782094721398,-0.598110852254,0.405035448148,-0.917318358188,-1.01516820065,0.00622904499023,-0.725037373615,1.67437387028,1.84020666644
136,-0.603892247184,0.165715024099,0.193094097605,10000,399,1.24136145745,0.0708702694488,1.54702487714,-0.235690478831,-0.316972916708,0.489398897904,0.388705099456,0.459859321733,0.270072661107,0.369140788964,-0.0106511149004,0.44222587843,-0.327161927565,-0.488449057727,0.405474326419,-2.40407679259,-0.814018887235,0.114093492163,0.549884551908,0.507719152041,-0.672914990285,0.651604282659,0.161020355756,0.739901134977,1.16310649743,-1.39629546139,0.71129632784,-0.84892545171,-0.763451881518,0.693776771018,-0.172804945205,-0.888453591528
137,0.43409129981,0.187570943688,0.219139604721,10000,547,-0.879435410016,0.0797256496869,-0.104663405156,-0.424695370498,0.168352422664,0.706514409047,1.34980533162,-0.043028367992,-0.396626696423,0.919659325252,0.062354378151,-0.120600901771,-0.687384281267,-1.6100303289,0.714343855158,-0.58540654492,0.685652041233,0.54118369226,-0.702195482815,-0.963940624496,-1.16704687313,0.340095644728,-0.304115255861,0.203393887738,0.485757818161,-2.06166947716,-1.15871247793,-0.724496516102,-1.34251562441,0.105881690765,-0.164623263805,-1.24839224763
138,0.188571020032,0.418736758579,-0.0446989278323,10000,662,0.961537521367,0.779567383363,1.5393626082,1.57212328146,-0.763993187219,0.150099609921,0.539546511004,0.00403929211234,1.60853250785,0.128240882569,-0.480283431082,0.0472761522663,-0.364293783951,0.0549220189918,0.323697084596,-0.249963283524,-0.806587385077,-0.0378584402941,1.5859097006,0.0986233057734,1.91372654753,-0.957006429341,0.181354940412,-1.24019308777,0.724649421911,-0.312327109147,0.252551797334,0.113572937131,0.843268157112,2.26346811378,0.724504904202,0.451662001087
139,-0.468343913445,0.106313924172,0.1776095304,10000,526,-1.23420272571,-1.81500357562,0.547511310774,1.07289322416,2.35357946684,-0.666177982344,0.818462004962,-1.53799281867,0.0331840413521,0.499094232358,0.0122515295859,0.98112238127,0.152797618977,-0.401085501301,0.438412042226,-1.11660108973,-0.640496021098,0.17062921902,-0.190181242259,0.0164280125973,-1.12241397379,0.818625345245,3.25308855338,0.995535122007,1.64075057698,-1.88204756398,-0.555162152976,0.967500680142,-0.308635113197,-1.15405870641,1.22661048885,-0.309745768616
140,-0.23793605991,-0.315368902786,-0.0501754199309,10000,389,0.232428431116,0.782760976713,0.813740786141,-0.0176202891612,-0.12252834139,-0.0282128413634,-0.5386046239,0.194916769,-1.21014025694,0.121845311415,0.347024392014,0.194521507967,1.77925967306,0.376635494203,1.43281903452,-0.703766327992,1.32814510863,-1.03665608234,0.95375674753,-0.541721965273,-0.8963398987,1.03957268151,1.38041957469,1.74305664454,0.316602116589,-2.81003765968,0.823992930987,0.509290815232,-1.37782213801,-0.395369311121,0.385338054056,1.88813075987
141,-1.08062525604,-1.5778001972,-0.428581977343,10000,492,-0.623300985814,1.69287711104,-0.287307245382,1.22303509855,0.511997194406,0.403729341768,-0.410431117274,1.69701615525,-0.319583862508,-0.672940182649,-0.35172216662,-0.207355062957,0.490914541659,-0.728329945165,1.12746229064,-1.34044101865,-0.195392423731,-0.195546727322,-0.771873384969,2.36821203712,-3.64537398913,1.36239405015,-0.302986893916,0.351549230475,-0.35310524691,-1.794335894,0.5994090864,-0.0161527956662,-0.0781658201197,0.996939880891,-0.620011789005,-0.61953258459
142,-0.57435472542,-1.45525254451,-0.618083080675,10000,239,-1.56848222306,1.82692351127,-1.06745093228,-0.269826130416,-0.905240217954,-0.910103909106,0.517451092851,0.187739320266,-0.792603125444,0.771409550195,2.28277942573,0.292331000444,-0.507447683523,0.916353888169,0.407664089882,0.0557438168208,-0.551520739893,-3.61588091465,-0.0489666584329,-1.79426741853,0.241458023074,1.41976746852,1.06142996787,-0.682773437502,0.742043994846,-0.716451173456,-0.77590674062,-1.94863586078,2.56340826343,-0.889233964081,0.578365504153,-0.895378521608
143,0.240966459868,0.458512117682,-0.57106023257,10000,345,1.4145170136,2.30109680796,1.00420083525,0.922019725656,-1.80562095851,0.213048884762,-0.893185781385,1.17412036537,-0.762620122671,-1.76453807845,-0.750981437008,-0.763098769807,-0.175360649695,-1.02029411744,-0.40123290852,0.689501782134,-2.40145110084,-0.268195461434,-1.26184073144,-0.197757530035,-2.22903153146,0.700088590722,0.792684076184,0.875816779173,-0.103128826817,0.298463834855,-0.222322585909,-1.31373115479,-0.315025067809,0.199223016011,-1.40040225934,0.537475796981
144,-0.125070965069,-0.99347593577,-0.774491642202,10000,401,0.44762420595,1.00676948363,-0.653453071232,-0.487844257468,0.348898628176,0.354053397362,0.595973779618,-0.380298444056,0.0172589045766,-1.57954018142,0.558622420134,-0.804258779761,-1.25704675795,-1.5819143814,-0.835921069781,0.00114645415504,0.437535741912,0.163738569466,-0.850469962571,0.655741119601,-0.986550560392,-1.70631104247,-2.88186297573,0.867634031362,-1.74757360153,1.47856765037,-0.169669501552,-0.973722073203,0.0787401900165,0.359985011834,-0.470480827063,0.709762266294
145,0.0992469702069,-0.521199859107,-0.391203882945,10000,264,0.182053296046,1.52506481201,1.28257776106,0.26465944512,-1.39331862249,0.68631871354,0.324367284334,-0.431932125882,-0.362282538428,0.806797892559,-0.747188669584,-1.28788111774,1.53377216606,0.957559641822,0.208828956699,0.604029068934,-0.887178299197,-0.196385306199,-1.28093000922,-0.31338319094,1.000536692,0.779866529916,-0.532758442027,-0.570713939361,0.94779055086,-0.0397914550246,-1.15272616072,-0.952828492599,-0.0617867691412,0.0109851137463,1.53753570096,-0.716984982965
146,-0.0755289080786,0.431399590987,-0.034852037476,10000,229,-0.804456185918,0.399819148936,-1.24418558966,-1.75101055847,2.54570844159,-1.3451277474,0.0522923108789,0.246082977483,-0.694674736942,-0.617157408865,-0.466410746223,-1.02109275871,-0.227091636381,1.7100970639,0.847391328893,-1.08100734926,-1.68281610061,1.02504497034,-1.82671893324,-0.673039273236,-0.981542436235,-0.131161069203,-0.457085430705,-0.0896939671874,-1.12108816393,-0.0127579162122,0.869723433595,0.226937739418,-0.503822251495,-0.776337612318,0.740508443991,0.914642917714
147,0.376984022931,0.467189819729,0.249858425474,10000,265,0.990642473976,0.366833791592,-1.02931952736,0.796148899618,0.477249367094,1.51907590428,0.669424427591,-1.29969091757,1.78800652745,0.629466818893,-0.0124403546169,0.567052847154,0.152750480904,0.23300574915,0.600295200291,0.945212113316,-0.817626634526,0.462840550848,-1.89441848885,-0.381379498319,0.427831289585,-1.40271756051,-2.25437748365,-0.126474885834,-1.35026085911,-1.15414390416,-0.106940850372,-1.22546610894,-0.051774257983,1.66963866546,-0.54020004664,1.29897313954
